Key,Type,Default,Min,Max,AllowedValues,Unit,Notes
/Device/Config/Name,STRING,The default value is set to the amplifier model,,,,,
/Device/Audio/Presets/Live/Generals/Standby/Value,BOOL,False,,,,,
/Device/Audio/Presets/Live/Generals/Gpi/Vca-{0:5}/Value,INT,-1,-1,7,,,
/Device/Audio/Presets/Live/Generals/Gpi/Mute-{0:5}/Value,INT,-1,-1,7,,,
/Device/Audio/Presets/Live/Generals/Gpi/Standby/Value,INT,-1,-1,7,,,
/Device/Audio/Presets/Live/Generals/Gpo/Gpo-{0:6}/General/Value,INT,-1,-1,5,,,
/Device/Audio/Presets/Live/Generals/Gpo/Gpo-{0:6}/Type/Value,INT,-1,-1,2147483647,,,
/Device/Audio/Presets/Live/Generals/LatencyCompensation/Type,ENUM,0,,,,,
/Device/Audio/Presets/Live/Generals/LatencyCompensation/Value,FLOAT,0,,,,,
/Device/Audio/Presets/Live/Generals/SignalGenerator/Enable/Value,BOOL,False,,,,,
/Device/Audio/Presets/Live/Generals/SignalGenerator/Gain/Value,FLOAT,0.000988553094656939,0.000988553094656939,3.9810717055349722,,Linear,
/Device/Audio/Presets/Live/SourceSelection/RoutingChannel-{0:7}/Src-{0:3}/Value,ENUM,0,,,,,
/Device/Audio/Presets/Live/SourceSelection/BackupStrategy/BackupStrategy-{0:7}/Enable/Value,BOOL,True,,,,,
/Device/Audio/Presets/Live/SourceSelection/BackupStrategy/BackupStrategy-{0:7}/Priority-{0:3}/Value,INT,0,0,3,,,
/Device/Audio/Presets/Live/SourceSelection/BackupStrategy/BackupStrategy-{0:7}/DefaultPriority/Value,INT,0,0,3,,,
/Device/Audio/Presets/Live/SourceSelection/BackupStrategy/BackupStrategy-{0:7}/Manual/Value,INT,0,-1,32,,,
/Device/Audio/Presets/Live/SourceSelection/BackupStrategy/BackupStrategy-{0:7}/SecondaryManual/Value,INT,0,-1,32,,,
/Device/Audio/Presets/Live/SourceSelection/BackupStrategy/BackupStrategy-{0:7}/CustomThresholdSignalDetect/Enable/Value,BOOL,False,,,,,
/Device/Audio/Presets/Live/SourceSelection/BackupStrategy/BackupStrategy-{0:7}/CustomThresholdSignalDetect/Src-{0:3}/Value,FLOAT,0.002450765186630494,0.002450765186630494,4.358145270225206,,Linear,
/Device/Audio/Presets/Live/SourceSelection/BackupStrategy/BackupStrategy-{0:7}/PilotTone/Enable/Value,BOOL,False,,,,,
/Device/Audio/Presets/Live/SourceSelection/BackupStrategy/BackupStrategy-{0:7}/PilotTone/Low/Value,FLOAT,1.9920567316458693,0.002450765186630494,3.8842010606113595,,Linear,
/Device/Audio/Presets/Live/SourceSelection/BackupStrategy/BackupStrategy-{0:7}/PilotTone/High/Value,FLOAT,1.9920567316458693,0.002450765186630494,3.8842010606113595,,Linear,
/Device/Audio/Presets/Live/SourceSelection/BackupStrategy/BackupStrategy-{0:7}/PilotTone/Freq/Value,FLOAT,20000,20,22000,,,
/Device/Audio/Presets/Live/SourceSelection/BackupStrategy/BackupStrategy-{0:7}/PilotTone/GpioEnable/Value,BOOL,False,,,,,
/Device/Audio/Presets/Live/SourceSelection/AnalogInput/Gain/Value,FLOAT,1,0,5.7,,Linear,
/Device/Audio/Presets/Live/SourceSelection/AnalogInput/Delay/Value,FLOAT,0,0,0.15,,Seconds,
/Device/Audio/Presets/Live/SourceSelection/NetStreamGroupGain{0:1}/Gain/Value,FLOAT,1,0.003981071705534973,3.9810717055349722,,Linear,
/Device/Audio/Presets/Live/SourceSelection/NetStreamGroupGain{0:1}/Delay/Value,FLOAT,0,0,0.15,,Seconds,
/Device/Audio/Presets/Live/SourceSelection/Generals/DigitalOutRouting-{0:7}/Gain/Value,FLOAT,1,0.000988553094656939,5.623413251903491,,Linear,
/Device/Audio/Presets/Live/SourceSelection/Generals/DigitalOutRouting-{0:7}/Position/Value,ENUM,0,,,,,
/Device/Audio/Presets/Live/SourceSelection/Generals/DigitalOutRouting-{0:7}/Channel/Value,INT,0,0,31,,,
/Device/Audio/Presets/Live/SourceSelection/Generals/DigitalOutRouting-{0:7}/MonomixSecondSource/Value,INT,0,0,31,,,
/Device/Audio/Presets/Live/InputMatrix/Generals/ExtraControl/Enable/Value,BOOL,False,,,,,
/Device/Audio/Presets/Live/InputMatrix/InGain-{0:7}/Value,FLOAT,1,0.001,5.623413251903491,,Linear,
/Device/Audio/Presets/Live/InputMatrix/InMute-{0:7}/Value,BOOL,False,,,,,
/Device/Audio/Presets/Live/InputMatrix/Channels/Channel-{0:7}/Gain-{0:7}/Value,FLOAT,1,0.000988553094656939,1,,Linear,
/Device/Audio/Presets/Live/InputMatrix/Channels/Channel-{0:7}/Mute-{0:7}/Value,BOOL,False,,,,,
/Device/Audio/Presets/Live/SpeakerLayout/Connections,STRING,0 1 2 3 4 5 6 7 8 9 10 11 12 13 14 15,,,,,
/Device/Audio/Presets/Live/SpeakerLayout/SpeakerName-{0:7}/Name,STRING,,,,,,
/Device/Audio/Presets/Live/SpeakerLayout/Speaker-{0:7}/Note,STRING,,,,,,
/Device/Audio/Presets/Live/SpeakerLayout/Speaker-{0:7}/Description,STRING,Preset notes,,,,,
/Device/Audio/Presets/Live/SpeakerLayout/Speaker-{0:7}/BrandName,STRING,Speaker Brand,,,,,
/Device/Audio/Presets/Live/SpeakerLayout/Speaker-{0:7}/FamilyName,STRING,Speaker Family,,,,,
/Device/Audio/Presets/Live/SpeakerLayout/Speaker-{0:7}/ModelName,STRING,Speaker Model,,,,,
/Device/Audio/Presets/Live/SpeakerLayout/Speaker-{0:7}/Application,STRING,Speaker Application,,,,,
/Device/Audio/Presets/Live/SpeakerLayout/Speaker-{0:7}/Type,ENUM,3,,,,,
/Device/Audio/Presets/Live/SpeakerLayout/Speaker-{0:7}/PresetType,STRING,-1,,,,,
/Device/Audio/Presets/Live/SpeakerLayout/SpeakerOemFields-{0:7}/Name,STRING,,,,,,
/Device/Audio/Presets/Live/InputProcess/Channels/Channel-{0:7}/Gain/Value,FLOAT,1,0.001,5.623413251903491,,Linear,
/Device/Audio/Presets/Live/InputProcess/Channels/Channel-{0:7}/ShadingGain/Value,FLOAT,1,0.251188643150958,1,,Linear,
/Device/Audio/Presets/Live/InputProcess/Channels/Channel-{0:7}/InPolarity/Value,BOOL,False,,,,,
/Device/Audio/Presets/Live/InputProcess/Channels/Channel-{0:7}/Mute/Value,BOOL,False,,,,,
/Device/Audio/Presets/Live/InputProcess/Generals/MaxCurrentDraw/Value,FLOAT,20,10,20,,,
/Device/Audio/Presets/Live/InputProcess/Channels/Channel-{0:7}/InDelay/Value,FLOAT,0,0,2,,,
/Device/Audio/Presets/Live/InputProcess/Channels/Channel-{0:7}/InDelay/Enable/Value,BOOL,True,,,,,
/Device/Audio/Presets/Live/InputProcess/Channels/Channel-{0:7}/InputEQ/Enable/Value,BOOL,True,,,,,
/Device/Audio/Presets/Live/InputProcess/Channels/Channel-{0:7}/InputEQ/Filter/Filter-{0:95}/Enable,BOOL,False,,,,,
/Device/Audio/Presets/Live/InputProcess/Channels/Channel-{0:7}/InputEQ/Filter/Filter-{0:95}/Type/Value,ENUM,2147483648,,,,,
/Device/Audio/Presets/Live/InputProcess/Channels/Channel-{0:7}/InputEQ/Filter/Filter-{0:95}/Flags/Value,INT,0,,,,,
/Device/Audio/Presets/Live/InputProcess/Channels/Channel-{0:7}/InputEQ/Filter/Filter-{0:95}/Freq1/Value,FLOAT,1000,20,20000,,,
/Device/Audio/Presets/Live/InputProcess/Channels/Channel-{0:7}/InputEQ/Filter/Filter-{0:95}/Gain1/Value,FLOAT,0,-15,15,,,
/Device/Audio/Presets/Live/InputProcess/Channels/Channel-{0:7}/InputEQ/Filter/Filter-{0:95}/Slope1/Value,FLOAT,1,0.1,10,,,
/Device/Audio/Presets/Live/InputProcess/Channels/Channel-{0:7}/InputEQ/Filter/Filter-{0:95}/Freq2/Value,FLOAT,1000,20,20000,,,
/Device/Audio/Presets/Live/InputProcess/Channels/Channel-{0:7}/InputEQ/Filter/Filter-{0:95}/Gain2/Value,FLOAT,0,-15,15,,,
/Device/Audio/Presets/Live/InputProcess/Channels/Channel-{0:7}/InputEQ/Filter/Filter-{0:95}/Slope2/Value,FLOAT,1,0.1,10,,,
/Device/Audio/Presets/Live/Extra/InputProcess/Channels/Channel-{0:7}/Groups/Group-{0:7}/Enable,BOOL,False,,,,,
/Device/Audio/Presets/Live/Extra/InputProcess/Channels/Channel-{0:7}/Groups/Group-{0:7}/Guid,STRING,,,,,,
/Device/Audio/Presets/Live/Extra/InputProcess/Channels/Channel-{0:7}/Groups/Group-{0:7}/Name,STRING,,,,,,
/Device/Audio/Presets/Live/Extra/InputProcess/Channels/Channel-{0:7}/Groups/Group-{0:7}/Type,INT,0,,,,,
/Device/Audio/Presets/Live/Extra/InputProcess/Channels/Channel-{0:7}/Groups/Group-{0:7}/InputEQ/Filter/Filter-{0:95}/Enable,BOOL,False,,,,,
/Device/Audio/Presets/Live/Extra/InputProcess/Channels/Channel-{0:7}/Groups/Group-{0:7}/InputEQ/Filter/Filter-{0:95}/Type/Value,ENUM,2147483648,,,,,
/Device/Audio/Presets/Live/Extra/InputProcess/Channels/Channel-{0:7}/Groups/Group-{0:7}/InputEQ/Filter/Filter-{0:95}/Flags/Value,INT,0,,,,,
/Device/Audio/Presets/Live/Extra/InputProcess/Channels/Channel-{0:7}/Groups/Group-{0:7}/InputEQ/Filter/Filter-{0:95}/Freq1/Value,FLOAT,1000,20,20000,,,
/Device/Audio/Presets/Live/Extra/InputProcess/Channels/Channel-{0:7}/Groups/Group-{0:7}/InputEQ/Filter/Filter-{0:95}/Gain1/Value,FLOAT,0,-15,15,,,
/Device/Audio/Presets/Live/Extra/InputProcess/Channels/Channel-{0:7}/Groups/Group-{0:7}/InputEQ/Filter/Filter-{0:95}/Slope1/Value,FLOAT,1,0.1,10,,,
/Device/Audio/Presets/Live/Extra/InputProcess/Channels/Channel-{0:7}/Groups/Group-{0:7}/InputEQ/Filter/Filter-{0:95}/Freq2/Value,FLOAT,1000,20,20000,,,
/Device/Audio/Presets/Live/Extra/InputProcess/Channels/Channel-{0:7}/Groups/Group-{0:7}/InputEQ/Filter/Filter-{0:95}/Gain2/Value,FLOAT,0,-15,15,,,
/Device/Audio/Presets/Live/Extra/InputProcess/Channels/Channel-{0:7}/Groups/Group-{0:7}/InputEQ/Filter/Filter-{0:95}/Slope2/Value,FLOAT,1,0.1,10,,,
/Device/Audio/Presets/Live/Extra/InputProcess/Channels/Channel-{0:7}/Groups/Group-{0:7}/Mute/Value,BOOL,False,,,,,
/Device/Audio/Presets/Live/Extra/InputProcess/Channels/Channel-{0:7}/Groups/Group-{0:7}/Gain/Value,FLOAT,1,0.001,5.623413251903491,,Linear,
/Device/Audio/Presets/Live/Extra/InputProcess/Channels/Channel-{0:7}/Groups/Group-{0:7}/InDelay/Value,FLOAT,0,0,2,,,
/Device/Audio/Presets/Live/Extra/InputProcess/Channels/Channel-{0:7}/Groups/Group-{0:7}/InDelay/Enable,BOOL,True,,,,,
/Device/Audio/Presets/Live/Extra/InputProcess/Channels/Channel-{0:7}/Groups/Group-{0:7}/InPolarity/Value,BOOL,False,,,,,
/Device/Audio/Presets/Live/PreOutputProcess/Channels/Channel-{0:7}/Gain/Value,FLOAT,1,0.001,5.623413251903491,,Linear,
/Device/Audio/Presets/Live/PreOutputProcess/Channels/Channel-{0:7}/Polarity/Value,BOOL,False,,,,,
/Device/Audio/Presets/Live/PreOutputProcess/Channels/Channel-{0:7}/Mute/Value,BOOL,False,,,,,
/Device/Audio/Presets/Live/PreOutputProcess/Channels/Channel-{0:7}/IsHighZActive/Value,BOOL,False,,,,,
/Device/Audio/Presets/Live/PreOutputProcess/Channels/Channel-{0:7}/FilterNameA,STRING,,,,,,
/Device/Audio/Presets/Live/PreOutputProcess/Channels/Channel-{0:7}/FilterNameB,STRING,,,,,,
/Device/Audio/Presets/Live/PreOutputProcess/Channels/Channel-{0:7}/FilterNameC,STRING,,,,,,
/Device/Audio/Presets/Live/PreOutputProcess/Channels/Channel-{0:7}/Delay/Enable,BOOL,True,,,,,
/Device/Audio/Presets/Live/PreOutputProcess/Channels/Channel-{0:7}/Delay/Value,FLOAT,0,0,2,,,
/Device/Audio/Presets/Live/PreOutputProcess/Channels/Channel-{0:7}/FIR/Enable,BOOL,False,,,,,
/Device/Audio/Presets/Live/PreOutputProcess/Channels/Channel-{0:7}/FIR/nTaps,INT,2048,,,,,
/Device/Audio/Presets/Live/PreOutputProcess/Channels/Channel-{0:7}/FIR/Taps,FLOAT[],FLOAT[2048],,,,,
/Device/Audio/Presets/Live/PreOutputProcess/Channels/Channel-{0:7}/XOver/XOver-{0:1}/Enable,BOOL,False,,,,,
/Device/Audio/Presets/Live/PreOutputProcess/Channels/Channel-{0:7}/XOver/XOver-{0:1}/Type/Value,ENUM,0,,,,,
/Device/Audio/Presets/Live/PreOutputProcess/Channels/Channel-{0:7}/XOver/XOver-{0:1}/Fc/Value,FLOAT,1000,10,24675,,,
/Device/Audio/Presets/Live/PreOutputProcess/Channels/Channel-{0:7}/XOver/XOver-{0:1}/Slope/Value,FLOAT,24,6,48,,,
/Device/Audio/Presets/Live/PreOutputProcess/Channels/Channel-{0:7}/IIR/IIR-{0:7}/Enable,BOOL,False,,,,,
/Device/Audio/Presets/Live/PreOutputProcess/Channels/Channel-{0:7}/IIR/IIR-{0:7}/Type/Value,ENUM,0,,,,,
/Device/Audio/Presets/Live/PreOutputProcess/Channels/Channel-{0:7}/IIR/IIR-{0:7}/Fc/Value,FLOAT,1000,20,20000,,,
/Device/Audio/Presets/Live/PreOutputProcess/Channels/Channel-{0:7}/IIR/IIR-{0:7}/Gain/Value,FLOAT,0,-15,15,,,
/Device/Audio/Presets/Live/PreOutputProcess/Channels/Channel-{0:7}/IIR/IIR-{0:7}/Q/Value,FLOAT,1.4,0.1,30,,,
/Device/Audio/Presets/Live/PreOutputProcess/Channels/Channel-{0:7}/IIR/IIR-{0:7}/Slope/Value,FLOAT,0.5,0.25,1.25,,,
/Device/Audio/Presets/Live/PreOutputProcess/Channels/Channel-{0:7}/HarmonicGenerator/DryOutput/Enable,BOOL,False,,,,,
/Device/Audio/Presets/Live/PreOutputProcess/Channels/Channel-{0:7}/HarmonicGenerator/DryOutput/Gain/Value,FLOAT,1,0.003981071705534973,1,,Linear,
/Device/Audio/Presets/Live/PreOutputProcess/Channels/Channel-{0:7}/HarmonicGenerator/SubHarmonic/Enable,BOOL,False,,,,,
/Device/Audio/Presets/Live/PreOutputProcess/Channels/Channel-{0:7}/HarmonicGenerator/SubHarmonic/Gain/Value,FLOAT,1,0.003981071705534973,1,,Linear,
/Device/Audio/Presets/Live/PreOutputProcess/Channels/Channel-{0:7}/HarmonicGenerator/SubHarmonic/LowPassSlope/Value,ENUM,12,,,,,
/Device/Audio/Presets/Live/PreOutputProcess/Channels/Channel-{0:7}/HarmonicGenerator/SubHarmonic/LowPassFc/Value,FLOAT,40,30,80,,,
/Device/Audio/Presets/Live/PreOutputProcess/Channels/Channel-{0:7}/HarmonicGenerator/SubHarmonic/HiPassFc/Value,FLOAT,20,10,60,,,
/Device/Audio/Presets/Live/PreOutputProcess/Channels/Channel-{0:7}/HarmonicGenerator/SubHarmonic/HiPassSlope/Value,ENUM,6,,,,,
/Device/Audio/Presets/Live/PreOutputProcess/Channels/Channel-{0:7}/HarmonicGenerator/Harmonic/Enable,BOOL,False,,,,,
/Device/Audio/Presets/Live/PreOutputProcess/Channels/Channel-{0:7}/HarmonicGenerator/Harmonic/Gain/Value,FLOAT,1,0.003981071705534973,1,,Linear,
/Device/Audio/Presets/Live/PreOutputProcess/Channels/Channel-{0:7}/HarmonicGenerator/Harmonic/LowPassSlope/Value,ENUM,12,,,,,
/Device/Audio/Presets/Live/PreOutputProcess/Channels/Channel-{0:7}/HarmonicGenerator/Harmonic/LowPassFc/Value,FLOAT,80,40,160,,,
/Device/Audio/Presets/Live/PreOutputProcess/Channels/Channel-{0:7}/HarmonicGenerator/Harmonic/HiPassFc/Value,FLOAT,40,20,140,,,
/Device/Audio/Presets/Live/PreOutputProcess/Channels/Channel-{0:7}/HarmonicGenerator/Harmonic/Mode,ENUM,0,,,,,
/Device/Audio/Presets/Live/OutputProcess/Channels/Channel-{0:7}/Name,STRING,,,,,,
/Device/Audio/Presets/Live/OutputProcess/Channels/Channel-{0:7}/Bridge/Value,BOOL,False,,,,,
/Device/Audio/Presets/Live/OutputProcess/Channels/Channel-{0:7}/Mute/Value,BOOL,False,,,,,
/Device/Audio/Presets/Live/OutputProcess/Channels/Channel-{0:7}/Gain/Value,FLOAT,1,0.001,5.623413251903491,,Linear,
/Device/Audio/Presets/Live/OutputProcess/Channels/Channel-{0:7}/OutPolarity/Value,BOOL,False,,,,,
/Device/Audio/Presets/Live/OutputProcess/Channels/Channel-{0:7}/OutDelay/Value,FLOAT,0,0,0.1,,,
/Device/Audio/Presets/Live/OutputProcess/Channels/Channel-{0:7}/OutDelay/Enable,BOOL,True,,,,,
/Device/Audio/Presets/Live/OutputProcess/Channels/Channel-{0:7}/FIR/Enable,BOOL,False,,,,,
/Device/Audio/Presets/Live/OutputProcess/Channels/Channel-{0:7}/FIR/nTaps,INT,2048,,,,,
/Device/Audio/Presets/Live/OutputProcess/Channels/Channel-{0:7}/FIR/Taps,FLOAT[],FLOAT[2048],,,,,
/Device/Audio/Presets/Live/OutputProcess/Channels/Channel-{0:7}/XOver/XOver-{0:1}/Enable,BOOL,False,,,,,
/Device/Audio/Presets/Live/OutputProcess/Channels/Channel-{0:7}/XOver/XOver-{0:1}/Type/Value,ENUM,0,,,,,
/Device/Audio/Presets/Live/OutputProcess/Channels/Channel-{0:7}/XOver/XOver-{0:1}/Fc/Value,FLOAT,1000,10,24675,,,
/Device/Audio/Presets/Live/OutputProcess/Channels/Channel-{0:7}/XOver/XOver-{0:1}/Slope/Value,FLOAT,24,6,48,,,
/Device/Audio/Presets/Live/OutputProcess/Channels/Channel-{0:7}/IIR/IIR-{0:15}/Enable,BOOL,False,,,,,
/Device/Audio/Presets/Live/OutputProcess/Channels/Channel-{0:7}/IIR/IIR-{0:15}/Type/Value,ENUM,0,,,,,
/Device/Audio/Presets/Live/OutputProcess/Channels/Channel-{0:7}/IIR/IIR-{0:15}/Fc/Value,FLOAT,1000,20,20000,,,
/Device/Audio/Presets/Live/OutputProcess/Channels/Channel-{0:7}/IIR/IIR-{0:15}/Gain/Value,FLOAT,0,-15,15,,,
/Device/Audio/Presets/Live/OutputProcess/Channels/Channel-{0:7}/IIR/IIR-{0:15}/Q/Value,FLOAT,1.4,0.1,30,,,
/Device/Audio/Presets/Live/OutputProcess/Channels/Channel-{0:7}/IIR/IIR-{0:15}/Slope/Value,FLOAT,0.5,0.25,1.25,,,
/Device/Audio/Presets/Live/OutputProcess/Channels/Channel-{0:7}/TruePowerLimiter/Gain/Value,FLOAT,1,0.001,5.623413251903491,,Linear,
/Device/Audio/Presets/Live/OutputProcess/Channels/Channel-{0:7}/TruePowerLimiter/Enable,BOOL,False,,,,,
/Device/Audio/Presets/Live/OutputProcess/Channels/Channel-{0:7}/TruePowerLimiter/Threshold/Value,FLOAT,3500,40,7000,,,
/Device/Audio/Presets/Live/OutputProcess/Channels/Channel-{0:7}/TruePowerLimiter/AttackTime/Value,FLOAT,2,0.1,30,,,
/Device/Audio/Presets/Live/OutputProcess/Channels/Channel-{0:7}/TruePowerLimiter/ReleaseTime/Value,FLOAT,4,0.2,30,,,
/Device/Audio/Presets/Live/OutputProcess/Channels/Channel-{0:7}/TruePowerLimiter/HoldTime/Value,FLOAT,0,0,30,,,
/Device/Audio/Presets/Live/OutputProcess/Channels/Channel-{0:7}/CurrentLimiterRMS/Gain/Value,FLOAT,1,0.001,5.623413251903491,,Linear,
/Device/Audio/Presets/Live/OutputProcess/Channels/Channel-{0:7}/CurrentLimiterRMS/Enable,BOOL,False,,,,,
/Device/Audio/Presets/Live/OutputProcess/Channels/Channel-{0:7}/CurrentLimiterRMS/Threshold/Value,FLOAT,80,0.1,80,,,
/Device/Audio/Presets/Live/OutputProcess/Channels/Channel-{0:7}/CurrentLimiterRMS/AttackTime/Value,FLOAT,1,0.01,30,,,
/Device/Audio/Presets/Live/OutputProcess/Channels/Channel-{0:7}/CurrentLimiterRMS/ReleaseTime/Value,FLOAT,4,0.01,30,,,
/Device/Audio/Presets/Live/OutputProcess/Channels/Channel-{0:7}/CurrentLimiterRMS/HoldTime/Value,FLOAT,0,0,30,,,
/Device/Audio/Presets/Live/OutputProcess/Channels/Channel-{0:7}/CurrentClamp/Gain/Value,FLOAT,1,0.001,5.623413251903491,,Linear,
/Device/Audio/Presets/Live/OutputProcess/Channels/Channel-{0:7}/CurrentClamp/Enable,BOOL,False,,,,,
/Device/Audio/Presets/Live/OutputProcess/Channels/Channel-{0:7}/CurrentClamp/Threshold/Value,FLOAT,10,0.1,150,,,
/Device/Audio/Presets/Live/OutputProcess/Channels/Channel-{0:7}/CurrentClamp/AttackTime/Value,FLOAT,0,0,30,,,
/Device/Audio/Presets/Live/OutputProcess/Channels/Channel-{0:7}/CurrentClamp/ReleaseTime/Value,FLOAT,0,0,30,,,
/Device/Audio/Presets/Live/OutputProcess/Channels/Channel-{0:7}/CurrentClamp/HoldTime/Value,FLOAT,0,0,30,,,
/Device/Audio/Presets/Live/OutputProcess/Channels/Channel-{0:7}/ClipLimiter/Gain/Value,FLOAT,1,0.001,5.623413251903491,,Linear,
/Device/Audio/Presets/Live/OutputProcess/Channels/Channel-{0:7}/ClipLimiter/Enable,BOOL,False,,,,,
/Device/Audio/Presets/Live/OutputProcess/Channels/Channel-{0:7}/ClipLimiter/Threshold/Value,FLOAT,80,10,400,,,
/Device/Audio/Presets/Live/OutputProcess/Channels/Channel-{0:7}/ClipLimiter/AttackTime/Value,FLOAT,0,0,30,,,
/Device/Audio/Presets/Live/OutputProcess/Channels/Channel-{0:7}/ClipLimiter/ReleaseTime/Value,FLOAT,0,0,30,,,
/Device/Audio/Presets/Live/OutputProcess/Channels/Channel-{0:7}/ClipLimiter/HoldTime/Value,FLOAT,0,0,30,,,
/Device/Audio/Presets/Live/OutputProcess/Channels/Channel-{0:7}/VoltageLimiterRMS/Gain/Value,FLOAT,1,0.001,5.623413251903491,,Linear,
/Device/Audio/Presets/Live/OutputProcess/Channels/Channel-{0:7}/VoltageLimiterRMS/Enable,BOOL,False,,,,,
/Device/Audio/Presets/Live/OutputProcess/Channels/Channel-{0:7}/VoltageLimiterRMS/Threshold/Value,FLOAT,150,10,300,,,
/Device/Audio/Presets/Live/OutputProcess/Channels/Channel-{0:7}/VoltageLimiterRMS/AttackTime/Value,FLOAT,0.2,0.01,30,,,
/Device/Audio/Presets/Live/OutputProcess/Channels/Channel-{0:7}/VoltageLimiterRMS/ReleaseTime/Value,FLOAT,0.8,0.01,30,,,
/Device/Audio/Presets/Live/OutputProcess/Channels/Channel-{0:7}/VoltageLimiterRMS/HoldTime/Value,FLOAT,0,0,30,,,
/Device/Audio/Presets/Live/OutputProcess/Channels/Channel-{0:7}/VoltageLimiterRMS/IIR/IIR-{0:1}/Enable,BOOL,False,,,,,
/Device/Audio/Presets/Live/OutputProcess/Channels/Channel-{0:7}/VoltageLimiterRMS/IIR/IIR-{0:1}/Type/Value,ENUM,0,,,,,
/Device/Audio/Presets/Live/OutputProcess/Channels/Channel-{0:7}/VoltageLimiterRMS/IIR/IIR-{0:1}/Fc/Value,FLOAT,1000,20,20000,,,
/Device/Audio/Presets/Live/OutputProcess/Channels/Channel-{0:7}/VoltageLimiterRMS/IIR/IIR-{0:1}/Gain/Value,FLOAT,0,-15,15,,,
/Device/Audio/Presets/Live/OutputProcess/Channels/Channel-{0:7}/VoltageLimiterRMS/IIR/IIR-{0:1}/Q/Value,FLOAT,1.4,0.1,30,,,
/Device/Audio/Presets/Live/OutputProcess/Channels/Channel-{0:7}/VoltageLimiterRMS/IIR/IIR-{0:1}/Slope/Value,FLOAT,0.5,0.25,1.25,,,
/Device/Audio/Presets/Live/OutputProcess/Channels/Channel-{0:7}/VoltageLimiterRMS/SoftKnee/Threshold/Value,FLOAT,0.7079457843841379,0.5011872336272722,1,,Linear,
/Device/Audio/Presets/Live/OutputProcess/Channels/Channel-{0:7}/VoltageLimiterRMS/SoftKnee/Enable,BOOL,False,,,,,
/Device/Audio/Presets/Live/OutputProcess/Channels/Channel-{0:7}/PeakLimiter/Gain/Value,FLOAT,1,0.001,5.623413251903491,,Linear,
/Device/Audio/Presets/Live/OutputProcess/Channels/Channel-{0:7}/PeakLimiter/Enable,BOOL,False,,,,,
/Device/Audio/Presets/Live/OutputProcess/Channels/Channel-{0:7}/PeakLimiter/Threshold/Value,FLOAT,200,10,380,,,
/Device/Audio/Presets/Live/OutputProcess/Channels/Channel-{0:7}/PeakLimiter/AttackTime/Value,FLOAT,0.002,0.0003,2,,Seconds,
/Device/Audio/Presets/Live/OutputProcess/Channels/Channel-{0:7}/PeakLimiter/ReleaseTime/Value,FLOAT,0.032,0.003,8,,Seconds,
/Device/Audio/Presets/Live/OutputProcess/Channels/Channel-{0:7}/PeakLimiter/HoldTime/Value,FLOAT,0,0,30,,,
/Device/Audio/Presets/Live/OutputProcess/Channels/Channel-{0:7}/PeakLimiter/IIR/IIR-{0:1}/Enable,BOOL,False,,,,,
/Device/Audio/Presets/Live/OutputProcess/Channels/Channel-{0:7}/PeakLimiter/IIR/IIR-{0:1}/Type/Value,ENUM,0,,,,,
/Device/Audio/Presets/Live/OutputProcess/Channels/Channel-{0:7}/PeakLimiter/IIR/IIR-{0:1}/Fc/Value,FLOAT,1000,20,20000,,,
/Device/Audio/Presets/Live/OutputProcess/Channels/Channel-{0:7}/PeakLimiter/IIR/IIR-{0:1}/Gain/Value,FLOAT,0,-15,15,,,
/Device/Audio/Presets/Live/OutputProcess/Channels/Channel-{0:7}/PeakLimiter/IIR/IIR-{0:1}/Q/Value,FLOAT,1.4,0.1,30,,,
/Device/Audio/Presets/Live/OutputProcess/Channels/Channel-{0:7}/PeakLimiter/IIR/IIR-{0:1}/Slope/Value,FLOAT,0.5,0.25,1.25,,,
/Device/Audio/Presets/Live/OutputProcess/Channels/Channel-{0:7}/PeakLimiter/SoftKnee/Threshold/Value,FLOAT,0.7079457843841379,0.5011872336272722,1,,Linear,
/Device/Audio/Presets/Live/OutputProcess/Channels/Channel-{0:7}/PeakLimiter/SoftKnee/Enable,BOOL,False,,,,,
/Device/Audio/Presets/Live/OutputProcess/Channels/Channel-{0:7}/DynamicEq/DYNAMICEQ-{0:2}/Enable,BOOL,False,,,,,
/Device/Audio/Presets/Live/OutputProcess/Channels/Channel-{0:7}/DynamicEq/DYNAMICEQ-{0:2}/FilterType/Value,ENUM,0,,,,,
/Device/Audio/Presets/Live/OutputProcess/Channels/Channel-{0:7}/DynamicEq/DYNAMICEQ-{0:2}/Fc/Value,FLOAT,1000,20,20000,,,
/Device/Audio/Presets/Live/OutputProcess/Channels/Channel-{0:7}/DynamicEq/DYNAMICEQ-{0:2}/MinGain/Value,FLOAT,-1,-25,-1,,,
/Device/Audio/Presets/Live/OutputProcess/Channels/Channel-{0:7}/DynamicEq/DYNAMICEQ-{0:2}/Q/Value,FLOAT,1.4,0.1,30,,,
/Device/Audio/Presets/Live/OutputProcess/Channels/Channel-{0:7}/DynamicEq/DYNAMICEQ-{0:2}/Slope/Value,FLOAT,12,6,24,,,
/Device/Audio/Presets/Live/OutputProcess/Channels/Channel-{0:7}/DynamicEq/DYNAMICEQ-{0:2}/Threshold/Value,FLOAT,20,0.1,380,,,
/Device/Audio/Presets/Live/OutputProcess/Channels/Channel-{0:7}/DynamicEq/DYNAMICEQ-{0:2}/AttackTime/Value,FLOAT,0.01,0.0003,30,,,
/Device/Audio/Presets/Live/OutputProcess/Channels/Channel-{0:7}/DynamicEq/DYNAMICEQ-{0:2}/ReleaseTime/Value,FLOAT,0.01,0.003,30,,,
/Device/Audio/Presets/Live/OutputProcess/Channels/Channel-{0:7}/DynamicEq/DYNAMICEQ-{0:2}/LimiterType/Value,ENUM,0,,,,,
/Device/Audio/Presets/Live/OutputProcess/Channels/Channel-{0:7}/DynamicEq/DYNAMICEQ-{0:2}/Position/Value,ENUM,2,,,,,
/Device/Audio/Presets/Live/OutputProcess/Channels/Channel-{0:7}/DynamicEq/DYNAMICEQ-{0:2}/Subposition/Value,ENUM,0,,,,,
/Device/Audio/Presets/Live/OutputProcess/Channels/Channel-{0:7}/DynamicEq/DYNAMICEQ-{0:2}/Ratio/Value,FLOAT,0.25,0,1,,,
/Device/Audio/Presets/Live/OutputProcess/Channels/Channel-{0:7}/Feedloop/Value,FLOAT,0,-2,2,,,
/Device/Audio/Presets/Live/OutputProcess/Channels/Channel-{0:7}/Feedloop/Enable,BOOL,False,,,,,
/Device/Audio/Presets/Live/OutputProcess/Channels/Channel-{0:7}/PilotToneGenerator/Enable/Value,BOOL,False,,,,,
/Device/Audio/Presets/Live/OutputProcess/Channels/Channel-{0:7}/PilotToneGenerator/Freq/Value,FLOAT,20000,20,22000,,,
/Device/Audio/Presets/Live/OutputProcess/Channels/Channel-{0:7}/PilotToneGenerator/Amplitude/Value,FLOAT,2,0.1,40,,,
/Device/Audio/Presets/Live/OutputProcess/Channels/Channel-{0:7}/PilotTone/Enable/Value,BOOL,False,,,,,
/Device/Audio/Presets/Live/OutputProcess/Channels/Channel-{0:7}/PilotTone/Low/Value,FLOAT,1.2,0.1,40,,,
/Device/Audio/Presets/Live/OutputProcess/Channels/Channel-{0:7}/PilotTone/High/Value,FLOAT,1.8,0.1,40,,,
/Device/Audio/Presets/Live/OutputProcess/Channels/Channel-{0:7}/PilotTone/Freq/Value,FLOAT,20000,20,22000,,,
/Device/Audio/Presets/Live/OutputProcess/Channels/Channel-{0:7}/LoadMonitor/Enable/Value,BOOL,False,,,,,
/Device/Audio/Presets/Live/OutputProcess/Channels/Channel-{0:7}/LoadMonitor/Low/Value,FLOAT,2,1,500,,,
/Device/Audio/Presets/Live/OutputProcess/Channels/Channel-{0:7}/LoadMonitor/High/Value,FLOAT,16,1,500,,,
/Device/Audio/Presets/Live/OutputProcess/Channels/Channel-{0:7}/LoadMonitor/Freq/Value,FLOAT,20000,20,22000,,,
/Device/Audio/Presets/Live/OutputProcess/Channels/Channel-{0:7}/NominalImpedance/Enable/Value,BOOL,False,,,,,
/Device/Audio/Presets/Live/OutputProcess/Channels/Channel-{0:7}/NominalImpedance/Low/Value,FLOAT,2,1,500,,,
/Device/Audio/Presets/Live/OutputProcess/Channels/Channel-{0:7}/NominalImpedance/High/Value,FLOAT,16,1,500,,,
/Device/Audio/Presets/Live/Extra/OutputProcess/Channels/Channel-{0:7}/AuxAttenuation/Value,FLOAT,1,0.001,1,,Linear,
/Device/Audio/Presets/Live/Extra/OutputProcess/Channels/Channel-{0:7}/AuxDelay/Value,FLOAT,0,0,0.1,,,
/Device/Audio/Presets/Live/Extra/OutputProcess/Channels/Channel-{0:7}/AuxDelay/Enable,BOOL,False,,,,,
/Device/Audio/Presets/Live/ReadOnly/SnapshotSlotId/Current,INT,-1,,,,,
/Device/Audio/Presets/Live/ReadOnly/SnapshotSlotId/Modified,INT,0,,,,,
