Key,Match,MatchType,SymbolicKey,ParameterPath,Type,Default,Min,Max,AllowedValues,Unit,Notes
/Device/Config/Name,yes,exact,DEVICE_NAME,/Device/Config/Name,STRING,The default value is set to the amplifier model,,,,,
/Device/Audio/Presets/Live/Generals/Standby/Value,yes,exact,DEVICE_STANDBY,/Device/Audio/Presets/Live/Generals/Standby/Value,BOOL,False,,,,,
/Device/Audio/Presets/Live/Generals/Gpi/Vca-{0:5}/Value,no,unmatched,,,INT,-1,-1,7,,,
/Device/Audio/Presets/Live/Generals/Gpi/Mute-{0:5}/Value,no,unmatched,,,INT,-1,-1,7,,,
/Device/Audio/Presets/Live/Generals/Gpi/Standby/Value,no,unmatched,,,INT,-1,-1,7,,,
/Device/Audio/Presets/Live/Generals/Gpo/Gpo-{0:6}/General/Value,no,unmatched,,,INT,-1,-1,5,,,
/Device/Audio/Presets/Live/Generals/Gpo/Gpo-{0:6}/Type/Value,no,unmatched,,,INT,-1,-1,2147483647,,,
/Device/Audio/Presets/Live/Generals/LatencyCompensation/Type,yes,exact,LATENCY_COMPENSATION,/Device/Audio/Presets/Live/Generals/LatencyCompensation/Type,ENUM,0,,,,,
/Device/Audio/Presets/Live/Generals/LatencyCompensation/Value,no,unmatched,,,FLOAT,0,,,,,
/Device/Audio/Presets/Live/Generals/SignalGenerator/Enable/Value,no,unmatched,,,BOOL,False,,,,,
/Device/Audio/Presets/Live/Generals/SignalGenerator/Gain/Value,no,unmatched,,,FLOAT,0.000988553094656939,0.000988553094656939,3.9810717055349722,,Linear,
/Device/Audio/Presets/Live/SourceSelection/RoutingChannel-{0:7}/Src-{0:3}/Value,yes,norm,INPUT_CHANNEL_SOURCE_ROUTING,/Device/Audio/Presets/Live/SourceSelection/RoutingChannel-{0}/Src-{1}/Value,ENUM,0,,,,,
/Device/Audio/Presets/Live/SourceSelection/BackupStrategy/BackupStrategy-{0:7}/Enable/Value,yes,norm,INPUT_CHANNEL_SOURCE_BACKUP_STRATEGY,/Device/Audio/Presets/Live/SourceSelection/BackupStrategy/BackupStrategy-{0}/Enable/Value,BOOL,True,,,,,
/Device/Audio/Presets/Live/SourceSelection/BackupStrategy/BackupStrategy-{0:7}/Priority-{0:3}/Value,yes,norm,INPUT_CHANNEL_SOURCE,/Device/Audio/Presets/Live/SourceSelection/BackupStrategy/BackupStrategy-{0}/Priority-{1}/Value,INT,0,0,3,,,
/Device/Audio/Presets/Live/SourceSelection/BackupStrategy/BackupStrategy-{0:7}/DefaultPriority/Value,no,unmatched,,,INT,0,0,3,,,
/Device/Audio/Presets/Live/SourceSelection/BackupStrategy/BackupStrategy-{0:7}/Manual/Value,yes,norm,INPUT_CHANNEL_MANUAL_SOURCE_SELECTION,/Device/Audio/Presets/Live/SourceSelection/BackupStrategy/BackupStrategy-{0}/Manual/Value,INT,0,-1,32,,,
/Device/Audio/Presets/Live/SourceSelection/BackupStrategy/BackupStrategy-{0:7}/SecondaryManual/Value,no,unmatched,,,INT,0,-1,32,,,
/Device/Audio/Presets/Live/SourceSelection/BackupStrategy/BackupStrategy-{0:7}/CustomThresholdSignalDetect/Enable/Value,no,unmatched,,,BOOL,False,,,,,
/Device/Audio/Presets/Live/SourceSelection/BackupStrategy/BackupStrategy-{0:7}/CustomThresholdSignalDetect/Src-{0:3}/Value,no,unmatched,,,FLOAT,0.002450765186630494,0.002450765186630494,4.358145270225206,,Linear,
/Device/Audio/Presets/Live/SourceSelection/BackupStrategy/BackupStrategy-{0:7}/PilotTone/Enable/Value,yes,norm,INPUT_PILOT_TONE_CARRIER_CHECK,/Device/Audio/Presets/Live/SourceSelection/BackupStrategy/BackupStrategy-{0}/PilotTone/Enable/Value,BOOL,False,,,,,
/Device/Audio/Presets/Live/SourceSelection/BackupStrategy/BackupStrategy-{0:7}/PilotTone/Low/Value,no,unmatched,,,FLOAT,1.9920567316458693,0.002450765186630494,3.8842010606113595,,Linear,
/Device/Audio/Presets/Live/SourceSelection/BackupStrategy/BackupStrategy-{0:7}/PilotTone/High/Value,no,unmatched,,,FLOAT,1.9920567316458693,0.002450765186630494,3.8842010606113595,,Linear,
/Device/Audio/Presets/Live/SourceSelection/BackupStrategy/BackupStrategy-{0:7}/PilotTone/Freq/Value,no,unmatched,,,FLOAT,20000,20,22000,,,
/Device/Audio/Presets/Live/SourceSelection/BackupStrategy/BackupStrategy-{0:7}/PilotTone/GpioEnable/Value,no,unmatched,,,BOOL,False,,,,,
/Device/Audio/Presets/Live/SourceSelection/AnalogInput/Gain/Value,no,unmatched,,,FLOAT,1,0,5.7,,Linear,
/Device/Audio/Presets/Live/SourceSelection/AnalogInput/Delay/Value,no,unmatched,,,FLOAT,0,0,0.15,,Seconds,
/Device/Audio/Presets/Live/SourceSelection/NetStreamGroupGain{0:1}/Gain/Value,no,unmatched,,,FLOAT,1,0.003981071705534973,3.9810717055349722,,Linear,
/Device/Audio/Presets/Live/SourceSelection/NetStreamGroupGain{0:1}/Delay/Value,no,unmatched,,,FLOAT,0,0,0.15,,Seconds,
/Device/Audio/Presets/Live/SourceSelection/Generals/DigitalOutRouting-{0:7}/Gain/Value,no,unmatched,,,FLOAT,1,0.000988553094656939,5.623413251903491,,Linear,
/Device/Audio/Presets/Live/SourceSelection/Generals/DigitalOutRouting-{0:7}/Position/Value,no,unmatched,,,ENUM,0,,,,,
/Device/Audio/Presets/Live/SourceSelection/Generals/DigitalOutRouting-{0:7}/Channel/Value,no,unmatched,,,INT,0,0,31,,,
/Device/Audio/Presets/Live/SourceSelection/Generals/DigitalOutRouting-{0:7}/MonomixSecondSource/Value,no,unmatched,,,INT,0,0,31,,,
/Device/Audio/Presets/Live/InputMatrix/Generals/ExtraControl/Enable/Value,yes,exact,INPUT_MATRIX_EXTRA_CONTROL,/Device/Audio/Presets/Live/InputMatrix/Generals/ExtraControl/Enable/Value,BOOL,False,,,,,
/Device/Audio/Presets/Live/InputMatrix/InGain-{0:7}/Value,yes,norm,MATRIX_INPUT_GAIN,/Device/Audio/Presets/Live/InputMatrix/InGain-{0}/Value,FLOAT,1,0.001,5.623413251903491,,Linear,
/Device/Audio/Presets/Live/InputMatrix/InMute-{0:7}/Value,yes,norm,MATRIX_INPUT_MUTE,/Device/Audio/Presets/Live/InputMatrix/InMute-{0}/Value,BOOL,False,,,,,
/Device/Audio/Presets/Live/InputMatrix/Channels/Channel-{0:7}/Gain-{0:7}/Value,yes,norm,MATRIX_GAIN,/Device/Audio/Presets/Live/InputMatrix/Channels/Channel-{0}/Gain-{1}/Value,FLOAT,1,0.000988553094656939,1,,Linear,
/Device/Audio/Presets/Live/InputMatrix/Channels/Channel-{0:7}/Mute-{0:7}/Value,yes,norm,MATRIX_MUTE,/Device/Audio/Presets/Live/InputMatrix/Channels/Channel-{0}/Mute-{1}/Value,BOOL,False,,,,,
/Device/Audio/Presets/Live/SpeakerLayout/Connections,yes,exact,SPEAKER_GROUPS_8,/Device/Audio/Presets/Live/SpeakerLayout/Connections,STRING,0 1 2 3 4 5 6 7 8 9 10 11 12 13 14 15,,,,,
/Device/Audio/Presets/Live/SpeakerLayout/SpeakerName-{0:7}/Name,no,unmatched,,,STRING,,,,,,
/Device/Audio/Presets/Live/SpeakerLayout/Speaker-{0:7}/Note,no,unmatched,,,STRING,,,,,,
/Device/Audio/Presets/Live/SpeakerLayout/Speaker-{0:7}/Description,no,unmatched,,,STRING,Preset notes,,,,,
/Device/Audio/Presets/Live/SpeakerLayout/Speaker-{0:7}/BrandName,no,unmatched,,,STRING,Speaker Brand,,,,,
/Device/Audio/Presets/Live/SpeakerLayout/Speaker-{0:7}/FamilyName,no,unmatched,,,STRING,Speaker Family,,,,,
/Device/Audio/Presets/Live/SpeakerLayout/Speaker-{0:7}/ModelName,yes,norm,SPEAKER_NAME,/Device/Audio/Presets/Live/SpeakerLayout/Speaker-{0}/ModelName,STRING,Speaker Model,,,,,
/Device/Audio/Presets/Live/SpeakerLayout/Speaker-{0:7}/Application,no,unmatched,,,STRING,Speaker Application,,,,,
/Device/Audio/Presets/Live/SpeakerLayout/Speaker-{0:7}/Type,no,unmatched,,,ENUM,3,,,,,
/Device/Audio/Presets/Live/SpeakerLayout/Speaker-{0:7}/PresetType,no,unmatched,,,STRING,-1,,,,,
/Device/Audio/Presets/Live/SpeakerLayout/SpeakerOemFields-{0:7}/Name,no,unmatched,,,STRING,,,,,,
/Device/Audio/Presets/Live/InputProcess/Channels/Channel-{0:7}/Gain/Value,yes,norm,INPUT_CHANNEL_GAIN,/Device/Audio/Presets/Live/InputProcess/Channels/Channel-{0}/Gain/Value,FLOAT,1,0.001,5.623413251903491,,Linear,
/Device/Audio/Presets/Live/InputProcess/Channels/Channel-{0:7}/ShadingGain/Value,yes,norm,INPUT_CHANNEL_SHADING,/Device/Audio/Presets/Live/InputProcess/Channels/Channel-{0}/ShadingGain/Value,FLOAT,1,0.251188643150958,1,,Linear,
/Device/Audio/Presets/Live/InputProcess/Channels/Channel-{0:7}/InPolarity/Value,yes,norm,INPUT_CHANNEL_EQ_POLARITY,/Device/Audio/Presets/Live/InputProcess/Channels/Channel-{0}/InPolarity/Value,BOOL,False,,,,,
/Device/Audio/Presets/Live/InputProcess/Channels/Channel-{0:7}/Mute/Value,yes,norm,INPUT_CHANNEL_MUTE,/Device/Audio/Presets/Live/InputProcess/Channels/Channel-{0}/Mute/Value,BOOL,False,,,,,
/Device/Audio/Presets/Live/InputProcess/Generals/MaxCurrentDraw/Value,no,unmatched,,,FLOAT,20,10,20,,,
/Device/Audio/Presets/Live/InputProcess/Channels/Channel-{0:7}/InDelay/Value,yes,norm,INPUT_CHANNEL_AUXDELAY,/Device/Audio/Presets/Live/InputProcess/Channels/Channel-{0}/InDelay/Value,FLOAT,0,0,2,,,
/Device/Audio/Presets/Live/InputProcess/Channels/Channel-{0:7}/InDelay/Enable/Value,no,unmatched,,,BOOL,True,,,,,
/Device/Audio/Presets/Live/InputProcess/Channels/Channel-{0:7}/InputEQ/Enable/Value,yes,norm,INPUT_CHANNEL_EQ,/Device/Audio/Presets/Live/InputProcess/Channels/Channel-{0}/InputEQ/Enable/Value,BOOL,True,,,,,
/Device/Audio/Presets/Live/InputProcess/Channels/Channel-{0:7}/InputEQ/Filter/Filter-{0:95}/Enable,yes,norm,INPUT_EQ_FILTER_ENABLE,/Device/Audio/Presets/Live/InputProcess/Channels/Channel-{0}/InputEQ/Filter/Filter-{1}/Enable,BOOL,False,,,,,
/Device/Audio/Presets/Live/InputProcess/Channels/Channel-{0:7}/InputEQ/Filter/Filter-{0:95}/Type/Value,yes,norm,INPUT_EQ_FILTER_TYPE,/Device/Audio/Presets/Live/InputProcess/Channels/Channel-{0}/InputEQ/Filter/Filter-{1}/Type/Value,ENUM,2147483648,,,,,
/Device/Audio/Presets/Live/InputProcess/Channels/Channel-{0:7}/InputEQ/Filter/Filter-{0:95}/Flags/Value,yes,norm,INPUT_EQ_FILTER_FLAGS,/Device/Audio/Presets/Live/InputProcess/Channels/Channel-{0}/InputEQ/Filter/Filter-{1}/Flags/Value,INT,0,,,,,
/Device/Audio/Presets/Live/InputProcess/Channels/Channel-{0:7}/InputEQ/Filter/Filter-{0:95}/Freq1/Value,yes,norm,INPUT_EQ_FILTER_FREQ1,/Device/Audio/Presets/Live/InputProcess/Channels/Channel-{0}/InputEQ/Filter/Filter-{1}/Freq1/Value,FLOAT,1000,20,20000,,,
/Device/Audio/Presets/Live/InputProcess/Channels/Channel-{0:7}/InputEQ/Filter/Filter-{0:95}/Gain1/Value,yes,norm,INPUT_EQ_FILTER_GAIN1,/Device/Audio/Presets/Live/InputProcess/Channels/Channel-{0}/InputEQ/Filter/Filter-{1}/Gain1/Value,FLOAT,0,-15,15,,,
/Device/Audio/Presets/Live/InputProcess/Channels/Channel-{0:7}/InputEQ/Filter/Filter-{0:95}/Slope1/Value,yes,norm,INPUT_EQ_FILTER_SLOPE1,/Device/Audio/Presets/Live/InputProcess/Channels/Channel-{0}/InputEQ/Filter/Filter-{1}/Slope1/Value,FLOAT,1,0.1,10,,,
/Device/Audio/Presets/Live/InputProcess/Channels/Channel-{0:7}/InputEQ/Filter/Filter-{0:95}/Freq2/Value,yes,norm,INPUT_EQ_FILTER_FREQ2,/Device/Audio/Presets/Live/InputProcess/Channels/Channel-{0}/InputEQ/Filter/Filter-{1}/Freq2/Value,FLOAT,1000,20,20000,,,
/Device/Audio/Presets/Live/InputProcess/Channels/Channel-{0:7}/InputEQ/Filter/Filter-{0:95}/Gain2/Value,yes,norm,INPUT_EQ_FILTER_GAIN2,/Device/Audio/Presets/Live/InputProcess/Channels/Channel-{0}/InputEQ/Filter/Filter-{1}/Gain2/Value,FLOAT,0,-15,15,,,
/Device/Audio/Presets/Live/InputProcess/Channels/Channel-{0:7}/InputEQ/Filter/Filter-{0:95}/Slope2/Value,yes,norm,INPUT_EQ_FILTER_SLOPE2,/Device/Audio/Presets/Live/InputProcess/Channels/Channel-{0}/InputEQ/Filter/Filter-{1}/Slope2/Value,FLOAT,1,0.1,10,,,
/Device/Audio/Presets/Live/Extra/InputProcess/Channels/Channel-{0:7}/Groups/Group-{0:7}/Enable,yes,norm,INPUT_PROCESS_GROUP_ENABLE,/Device/Audio/Presets/Live/Extra/InputProcess/Channels/Channel-{0}/Groups/Group-{1}/Enable,BOOL,False,,,,,
/Device/Audio/Presets/Live/Extra/InputProcess/Channels/Channel-{0:7}/Groups/Group-{0:7}/Guid,no,unmatched,,,STRING,,,,,,
/Device/Audio/Presets/Live/Extra/InputProcess/Channels/Channel-{0:7}/Groups/Group-{0:7}/Name,no,unmatched,,,STRING,,,,,,
/Device/Audio/Presets/Live/Extra/InputProcess/Channels/Channel-{0:7}/Groups/Group-{0:7}/Type,no,unmatched,,,INT,0,,,,,
/Device/Audio/Presets/Live/Extra/InputProcess/Channels/Channel-{0:7}/Groups/Group-{0:7}/InputEQ/Filter/Filter-{0:95}/Enable,no,unmatched,,,BOOL,False,,,,,
/Device/Audio/Presets/Live/Extra/InputProcess/Channels/Channel-{0:7}/Groups/Group-{0:7}/InputEQ/Filter/Filter-{0:95}/Type/Value,no,unmatched,,,ENUM,2147483648,,,,,
/Device/Audio/Presets/Live/Extra/InputProcess/Channels/Channel-{0:7}/Groups/Group-{0:7}/InputEQ/Filter/Filter-{0:95}/Flags/Value,no,unmatched,,,INT,0,,,,,
/Device/Audio/Presets/Live/Extra/InputProcess/Channels/Channel-{0:7}/Groups/Group-{0:7}/InputEQ/Filter/Filter-{0:95}/Freq1/Value,no,unmatched,,,FLOAT,1000,20,20000,,,
/Device/Audio/Presets/Live/Extra/InputProcess/Channels/Channel-{0:7}/Groups/Group-{0:7}/InputEQ/Filter/Filter-{0:95}/Gain1/Value,no,unmatched,,,FLOAT,0,-15,15,,,
/Device/Audio/Presets/Live/Extra/InputProcess/Channels/Channel-{0:7}/Groups/Group-{0:7}/InputEQ/Filter/Filter-{0:95}/Slope1/Value,no,unmatched,,,FLOAT,1,0.1,10,,,
/Device/Audio/Presets/Live/Extra/InputProcess/Channels/Channel-{0:7}/Groups/Group-{0:7}/InputEQ/Filter/Filter-{0:95}/Freq2/Value,no,unmatched,,,FLOAT,1000,20,20000,,,
/Device/Audio/Presets/Live/Extra/InputProcess/Channels/Channel-{0:7}/Groups/Group-{0:7}/InputEQ/Filter/Filter-{0:95}/Gain2/Value,no,unmatched,,,FLOAT,0,-15,15,,,
/Device/Audio/Presets/Live/Extra/InputProcess/Channels/Channel-{0:7}/Groups/Group-{0:7}/InputEQ/Filter/Filter-{0:95}/Slope2/Value,no,unmatched,,,FLOAT,1,0.1,10,,,
/Device/Audio/Presets/Live/Extra/InputProcess/Channels/Channel-{0:7}/Groups/Group-{0:7}/Mute/Value,yes,norm,INPUT_PROCESS_GROUP_MUTE_VALUE,/Device/Audio/Presets/Live/Extra/InputProcess/Channels/Channel-{0}/Groups/Group-{1}/Mute/Value,BOOL,False,,,,,
/Device/Audio/Presets/Live/Extra/InputProcess/Channels/Channel-{0:7}/Groups/Group-{0:7}/Gain/Value,yes,norm,INPUT_PROCESS_GROUP_GAIN_VALUE,/Device/Audio/Presets/Live/Extra/InputProcess/Channels/Channel-{0}/Groups/Group-{1}/Gain/Value,FLOAT,1,0.001,5.623413251903491,,Linear,
/Device/Audio/Presets/Live/Extra/InputProcess/Channels/Channel-{0:7}/Groups/Group-{0:7}/InDelay/Value,yes,norm,INPUT_PROCESS_GROUP_DELAY_VALUE,/Device/Audio/Presets/Live/Extra/InputProcess/Channels/Channel-{0}/Groups/Group-{1}/InDelay/Value,FLOAT,0,0,2,,,
/Device/Audio/Presets/Live/Extra/InputProcess/Channels/Channel-{0:7}/Groups/Group-{0:7}/InDelay/Enable,yes,norm,INPUT_PROCESS_GROUP_DELAY_ENABLE,/Device/Audio/Presets/Live/Extra/InputProcess/Channels/Channel-{0}/Groups/Group-{1}/InDelay/Enable,BOOL,True,,,,,
/Device/Audio/Presets/Live/Extra/InputProcess/Channels/Channel-{0:7}/Groups/Group-{0:7}/InPolarity/Value,no,unmatched,,,BOOL,False,,,,,
/Device/Audio/Presets/Live/PreOutputProcess/Channels/Channel-{0:7}/Gain/Value,no,unmatched,,,FLOAT,1,0.001,5.623413251903491,,Linear,
/Device/Audio/Presets/Live/PreOutputProcess/Channels/Channel-{0:7}/Polarity/Value,no,unmatched,,,BOOL,False,,,,,
/Device/Audio/Presets/Live/PreOutputProcess/Channels/Channel-{0:7}/Mute/Value,no,unmatched,,,BOOL,False,,,,,
/Device/Audio/Presets/Live/PreOutputProcess/Channels/Channel-{0:7}/IsHighZActive/Value,no,unmatched,,,BOOL,False,,,,,
/Device/Audio/Presets/Live/PreOutputProcess/Channels/Channel-{0:7}/FilterNameA,no,unmatched,,,STRING,,,,,,
/Device/Audio/Presets/Live/PreOutputProcess/Channels/Channel-{0:7}/FilterNameB,no,unmatched,,,STRING,,,,,,
/Device/Audio/Presets/Live/PreOutputProcess/Channels/Channel-{0:7}/FilterNameC,no,unmatched,,,STRING,,,,,,
/Device/Audio/Presets/Live/PreOutputProcess/Channels/Channel-{0:7}/Delay/Enable,no,unmatched,,,BOOL,True,,,,,
/Device/Audio/Presets/Live/PreOutputProcess/Channels/Channel-{0:7}/Delay/Value,no,unmatched,,,FLOAT,0,0,2,,,
/Device/Audio/Presets/Live/PreOutputProcess/Channels/Channel-{0:7}/FIR/Enable,no,unmatched,,,BOOL,False,,,,,
/Device/Audio/Presets/Live/PreOutputProcess/Channels/Channel-{0:7}/FIR/nTaps,no,unmatched,,,INT,2048,,,,,
/Device/Audio/Presets/Live/PreOutputProcess/Channels/Channel-{0:7}/FIR/Taps,no,unmatched,,,FLOAT[],FLOAT[2048],,,,,
/Device/Audio/Presets/Live/PreOutputProcess/Channels/Channel-{0:7}/XOver/XOver-{0:1}/Enable,no,unmatched,,,BOOL,False,,,,,
/Device/Audio/Presets/Live/PreOutputProcess/Channels/Channel-{0:7}/XOver/XOver-{0:1}/Type/Value,no,unmatched,,,ENUM,0,,,,,
/Device/Audio/Presets/Live/PreOutputProcess/Channels/Channel-{0:7}/XOver/XOver-{0:1}/Fc/Value,no,unmatched,,,FLOAT,1000,10,24675,,,
/Device/Audio/Presets/Live/PreOutputProcess/Channels/Channel-{0:7}/XOver/XOver-{0:1}/Slope/Value,no,unmatched,,,FLOAT,24,6,48,,,
/Device/Audio/Presets/Live/PreOutputProcess/Channels/Channel-{0:7}/IIR/IIR-{0:7}/Enable,no,unmatched,,,BOOL,False,,,,,
/Device/Audio/Presets/Live/PreOutputProcess/Channels/Channel-{0:7}/IIR/IIR-{0:7}/Type/Value,no,unmatched,,,ENUM,0,,,,,
/Device/Audio/Presets/Live/PreOutputProcess/Channels/Channel-{0:7}/IIR/IIR-{0:7}/Fc/Value,no,unmatched,,,FLOAT,1000,20,20000,,,
/Device/Audio/Presets/Live/PreOutputProcess/Channels/Channel-{0:7}/IIR/IIR-{0:7}/Gain/Value,no,unmatched,,,FLOAT,0,-15,15,,,
/Device/Audio/Presets/Live/PreOutputProcess/Channels/Channel-{0:7}/IIR/IIR-{0:7}/Q/Value,no,unmatched,,,FLOAT,1.4,0.1,30,,,
/Device/Audio/Presets/Live/PreOutputProcess/Channels/Channel-{0:7}/IIR/IIR-{0:7}/Slope/Value,no,unmatched,,,FLOAT,0.5,0.25,1.25,,,
/Device/Audio/Presets/Live/PreOutputProcess/Channels/Channel-{0:7}/HarmonicGenerator/DryOutput/Enable,no,unmatched,,,BOOL,False,,,,,
/Device/Audio/Presets/Live/PreOutputProcess/Channels/Channel-{0:7}/HarmonicGenerator/DryOutput/Gain/Value,no,unmatched,,,FLOAT,1,0.003981071705534973,1,,Linear,
/Device/Audio/Presets/Live/PreOutputProcess/Channels/Channel-{0:7}/HarmonicGenerator/SubHarmonic/Enable,no,unmatched,,,BOOL,False,,,,,
/Device/Audio/Presets/Live/PreOutputProcess/Channels/Channel-{0:7}/HarmonicGenerator/SubHarmonic/Gain/Value,no,unmatched,,,FLOAT,1,0.003981071705534973,1,,Linear,
/Device/Audio/Presets/Live/PreOutputProcess/Channels/Channel-{0:7}/HarmonicGenerator/SubHarmonic/LowPassSlope/Value,no,unmatched,,,ENUM,12,,,,,
/Device/Audio/Presets/Live/PreOutputProcess/Channels/Channel-{0:7}/HarmonicGenerator/SubHarmonic/LowPassFc/Value,no,unmatched,,,FLOAT,40,30,80,,,
/Device/Audio/Presets/Live/PreOutputProcess/Channels/Channel-{0:7}/HarmonicGenerator/SubHarmonic/HiPassFc/Value,no,unmatched,,,FLOAT,20,10,60,,,
/Device/Audio/Presets/Live/PreOutputProcess/Channels/Channel-{0:7}/HarmonicGenerator/SubHarmonic/HiPassSlope/Value,no,unmatched,,,ENUM,6,,,,,
/Device/Audio/Presets/Live/PreOutputProcess/Channels/Channel-{0:7}/HarmonicGenerator/Harmonic/Enable,no,unmatched,,,BOOL,False,,,,,
/Device/Audio/Presets/Live/PreOutputProcess/Channels/Channel-{0:7}/HarmonicGenerator/Harmonic/Gain/Value,no,unmatched,,,FLOAT,1,0.003981071705534973,1,,Linear,
/Device/Audio/Presets/Live/PreOutputProcess/Channels/Channel-{0:7}/HarmonicGenerator/Harmonic/LowPassSlope/Value,no,unmatched,,,ENUM,12,,,,,
/Device/Audio/Presets/Live/PreOutputProcess/Channels/Channel-{0:7}/HarmonicGenerator/Harmonic/LowPassFc/Value,no,unmatched,,,FLOAT,80,40,160,,,
/Device/Audio/Presets/Live/PreOutputProcess/Channels/Channel-{0:7}/HarmonicGenerator/Harmonic/HiPassFc/Value,no,unmatched,,,FLOAT,40,20,140,,,
/Device/Audio/Presets/Live/PreOutputProcess/Channels/Channel-{0:7}/HarmonicGenerator/Harmonic/Mode,no,unmatched,,,ENUM,0,,,,,
/Device/Audio/Presets/Live/OutputProcess/Channels/Channel-{0:7}/Name,yes,norm,OUTPUT_CHANNEL_NAME,/Device/Audio/Presets/Live/OutputProcess/Channels/Channel-{0}/Name,STRING,,,,,,
/Device/Audio/Presets/Live/OutputProcess/Channels/Channel-{0:7}/Bridge/Value,yes,norm,OUTPUT_CHANNEL_BRIDGE,/Device/Audio/Presets/Live/OutputProcess/Channels/Channel-{0}/Bridge/Value,BOOL,False,,,,,
/Device/Audio/Presets/Live/OutputProcess/Channels/Channel-{0:7}/Mute/Value,yes,norm,OUTPUT_CHANNEL_MUTE,/Device/Audio/Presets/Live/OutputProcess/Channels/Channel-{0}/Mute/Value,BOOL,False,,,,,
/Device/Audio/Presets/Live/OutputProcess/Channels/Channel-{0:7}/Gain/Value,yes,norm,OUTPUT_CHANNEL_GAIN,/Device/Audio/Presets/Live/OutputProcess/Channels/Channel-{0}/Gain/Value,FLOAT,1,0.001,5.623413251903491,,Linear,
/Device/Audio/Presets/Live/OutputProcess/Channels/Channel-{0:7}/OutPolarity/Value,no,unmatched,,,BOOL,False,,,,,
/Device/Audio/Presets/Live/OutputProcess/Channels/Channel-{0:7}/OutDelay/Value,no,unmatched,,,FLOAT,0,0,0.1,,,
/Device/Audio/Presets/Live/OutputProcess/Channels/Channel-{0:7}/OutDelay/Enable,no,unmatched,,,BOOL,True,,,,,
/Device/Audio/Presets/Live/OutputProcess/Channels/Channel-{0:7}/FIR/Enable,no,unmatched,,,BOOL,False,,,,,
/Device/Audio/Presets/Live/OutputProcess/Channels/Channel-{0:7}/FIR/nTaps,no,unmatched,,,INT,2048,,,,,
/Device/Audio/Presets/Live/OutputProcess/Channels/Channel-{0:7}/FIR/Taps,no,unmatched,,,FLOAT[],FLOAT[2048],,,,,
/Device/Audio/Presets/Live/OutputProcess/Channels/Channel-{0:7}/XOver/XOver-{0:1}/Enable,no,unmatched,,,BOOL,False,,,,,
/Device/Audio/Presets/Live/OutputProcess/Channels/Channel-{0:7}/XOver/XOver-{0:1}/Type/Value,no,unmatched,,,ENUM,0,,,,,
/Device/Audio/Presets/Live/OutputProcess/Channels/Channel-{0:7}/XOver/XOver-{0:1}/Fc/Value,no,unmatched,,,FLOAT,1000,10,24675,,,
/Device/Audio/Presets/Live/OutputProcess/Channels/Channel-{0:7}/XOver/XOver-{0:1}/Slope/Value,no,unmatched,,,FLOAT,24,6,48,,,
/Device/Audio/Presets/Live/OutputProcess/Channels/Channel-{0:7}/IIR/IIR-{0:15}/Enable,no,unmatched,,,BOOL,False,,,,,
/Device/Audio/Presets/Live/OutputProcess/Channels/Channel-{0:7}/IIR/IIR-{0:15}/Type/Value,no,unmatched,,,ENUM,0,,,,,
/Device/Audio/Presets/Live/OutputProcess/Channels/Channel-{0:7}/IIR/IIR-{0:15}/Fc/Value,no,unmatched,,,FLOAT,1000,20,20000,,,
/Device/Audio/Presets/Live/OutputProcess/Channels/Channel-{0:7}/IIR/IIR-{0:15}/Gain/Value,no,unmatched,,,FLOAT,0,-15,15,,,
/Device/Audio/Presets/Live/OutputProcess/Channels/Channel-{0:7}/IIR/IIR-{0:15}/Q/Value,no,unmatched,,,FLOAT,1.4,0.1,30,,,
/Device/Audio/Presets/Live/OutputProcess/Channels/Channel-{0:7}/IIR/IIR-{0:15}/Slope/Value,no,unmatched,,,FLOAT,0.5,0.25,1.25,,,
/Device/Audio/Presets/Live/OutputProcess/Channels/Channel-{0:7}/TruePowerLimiter/Gain/Value,no,unmatched,,,FLOAT,1,0.001,5.623413251903491,,Linear,
/Device/Audio/Presets/Live/OutputProcess/Channels/Channel-{0:7}/TruePowerLimiter/Enable,no,unmatched,,,BOOL,False,,,,,
/Device/Audio/Presets/Live/OutputProcess/Channels/Channel-{0:7}/TruePowerLimiter/Threshold/Value,no,unmatched,,,FLOAT,3500,40,7000,,,
/Device/Audio/Presets/Live/OutputProcess/Channels/Channel-{0:7}/TruePowerLimiter/AttackTime/Value,no,unmatched,,,FLOAT,2,0.1,30,,,
/Device/Audio/Presets/Live/OutputProcess/Channels/Channel-{0:7}/TruePowerLimiter/ReleaseTime/Value,no,unmatched,,,FLOAT,4,0.2,30,,,
/Device/Audio/Presets/Live/OutputProcess/Channels/Channel-{0:7}/TruePowerLimiter/HoldTime/Value,no,unmatched,,,FLOAT,0,0,30,,,
/Device/Audio/Presets/Live/OutputProcess/Channels/Channel-{0:7}/CurrentLimiterRMS/Gain/Value,no,unmatched,,,FLOAT,1,0.001,5.623413251903491,,Linear,
/Device/Audio/Presets/Live/OutputProcess/Channels/Channel-{0:7}/CurrentLimiterRMS/Enable,no,unmatched,,,BOOL,False,,,,,
/Device/Audio/Presets/Live/OutputProcess/Channels/Channel-{0:7}/CurrentLimiterRMS/Threshold/Value,no,unmatched,,,FLOAT,80,0.1,80,,,
/Device/Audio/Presets/Live/OutputProcess/Channels/Channel-{0:7}/CurrentLimiterRMS/AttackTime/Value,no,unmatched,,,FLOAT,1,0.01,30,,,
/Device/Audio/Presets/Live/OutputProcess/Channels/Channel-{0:7}/CurrentLimiterRMS/ReleaseTime/Value,no,unmatched,,,FLOAT,4,0.01,30,,,
/Device/Audio/Presets/Live/OutputProcess/Channels/Channel-{0:7}/CurrentLimiterRMS/HoldTime/Value,no,unmatched,,,FLOAT,0,0,30,,,
/Device/Audio/Presets/Live/OutputProcess/Channels/Channel-{0:7}/CurrentClamp/Gain/Value,no,unmatched,,,FLOAT,1,0.001,5.623413251903491,,Linear,
/Device/Audio/Presets/Live/OutputProcess/Channels/Channel-{0:7}/CurrentClamp/Enable,no,unmatched,,,BOOL,False,,,,,
/Device/Audio/Presets/Live/OutputProcess/Channels/Channel-{0:7}/CurrentClamp/Threshold/Value,no,unmatched,,,FLOAT,10,0.1,150,,,
/Device/Audio/Presets/Live/OutputProcess/Channels/Channel-{0:7}/CurrentClamp/AttackTime/Value,no,unmatched,,,FLOAT,0,0,30,,,
/Device/Audio/Presets/Live/OutputProcess/Channels/Channel-{0:7}/CurrentClamp/ReleaseTime/Value,no,unmatched,,,FLOAT,0,0,30,,,
/Device/Audio/Presets/Live/OutputProcess/Channels/Channel-{0:7}/CurrentClamp/HoldTime/Value,no,unmatched,,,FLOAT,0,0,30,,,
/Device/Audio/Presets/Live/OutputProcess/Channels/Channel-{0:7}/ClipLimiter/Gain/Value,no,unmatched,,,FLOAT,1,0.001,5.623413251903491,,Linear,
/Device/Audio/Presets/Live/OutputProcess/Channels/Channel-{0:7}/ClipLimiter/Enable,no,unmatched,,,BOOL,False,,,,,
/Device/Audio/Presets/Live/OutputProcess/Channels/Channel-{0:7}/ClipLimiter/Threshold/Value,no,unmatched,,,FLOAT,80,10,400,,,
/Device/Audio/Presets/Live/OutputProcess/Channels/Channel-{0:7}/ClipLimiter/AttackTime/Value,no,unmatched,,,FLOAT,0,0,30,,,
/Device/Audio/Presets/Live/OutputProcess/Channels/Channel-{0:7}/ClipLimiter/ReleaseTime/Value,no,unmatched,,,FLOAT,0,0,30,,,
/Device/Audio/Presets/Live/OutputProcess/Channels/Channel-{0:7}/ClipLimiter/HoldTime/Value,no,unmatched,,,FLOAT,0,0,30,,,
/Device/Audio/Presets/Live/OutputProcess/Channels/Channel-{0:7}/VoltageLimiterRMS/Gain/Value,no,unmatched,,,FLOAT,1,0.001,5.623413251903491,,Linear,
/Device/Audio/Presets/Live/OutputProcess/Channels/Channel-{0:7}/VoltageLimiterRMS/Enable,no,unmatched,,,BOOL,False,,,,,
/Device/Audio/Presets/Live/OutputProcess/Channels/Channel-{0:7}/VoltageLimiterRMS/Threshold/Value,no,unmatched,,,FLOAT,150,10,300,,,
/Device/Audio/Presets/Live/OutputProcess/Channels/Channel-{0:7}/VoltageLimiterRMS/AttackTime/Value,no,unmatched,,,FLOAT,0.2,0.01,30,,,
/Device/Audio/Presets/Live/OutputProcess/Channels/Channel-{0:7}/VoltageLimiterRMS/ReleaseTime/Value,no,unmatched,,,FLOAT,0.8,0.01,30,,,
/Device/Audio/Presets/Live/OutputProcess/Channels/Channel-{0:7}/VoltageLimiterRMS/HoldTime/Value,no,unmatched,,,FLOAT,0,0,30,,,
/Device/Audio/Presets/Live/OutputProcess/Channels/Channel-{0:7}/VoltageLimiterRMS/IIR/IIR-{0:1}/Enable,no,unmatched,,,BOOL,False,,,,,
/Device/Audio/Presets/Live/OutputProcess/Channels/Channel-{0:7}/VoltageLimiterRMS/IIR/IIR-{0:1}/Type/Value,no,unmatched,,,ENUM,0,,,,,
/Device/Audio/Presets/Live/OutputProcess/Channels/Channel-{0:7}/VoltageLimiterRMS/IIR/IIR-{0:1}/Fc/Value,no,unmatched,,,FLOAT,1000,20,20000,,,
/Device/Audio/Presets/Live/OutputProcess/Channels/Channel-{0:7}/VoltageLimiterRMS/IIR/IIR-{0:1}/Gain/Value,no,unmatched,,,FLOAT,0,-15,15,,,
/Device/Audio/Presets/Live/OutputProcess/Channels/Channel-{0:7}/VoltageLimiterRMS/IIR/IIR-{0:1}/Q/Value,no,unmatched,,,FLOAT,1.4,0.1,30,,,
/Device/Audio/Presets/Live/OutputProcess/Channels/Channel-{0:7}/VoltageLimiterRMS/IIR/IIR-{0:1}/Slope/Value,no,unmatched,,,FLOAT,0.5,0.25,1.25,,,
/Device/Audio/Presets/Live/OutputProcess/Channels/Channel-{0:7}/VoltageLimiterRMS/SoftKnee/Threshold/Value,no,unmatched,,,FLOAT,0.7079457843841379,0.5011872336272722,1,,Linear,
/Device/Audio/Presets/Live/OutputProcess/Channels/Channel-{0:7}/VoltageLimiterRMS/SoftKnee/Enable,no,unmatched,,,BOOL,False,,,,,
/Device/Audio/Presets/Live/OutputProcess/Channels/Channel-{0:7}/PeakLimiter/Gain/Value,no,unmatched,,,FLOAT,1,0.001,5.623413251903491,,Linear,
/Device/Audio/Presets/Live/OutputProcess/Channels/Channel-{0:7}/PeakLimiter/Enable,no,unmatched,,,BOOL,False,,,,,
/Device/Audio/Presets/Live/OutputProcess/Channels/Channel-{0:7}/PeakLimiter/Threshold/Value,yes,norm,OUTPUT_CHANNEL_PEAK_LIMITER,/Device/Audio/Presets/Live/OutputProcess/Channels/Channel-{0}/PeakLimiter/Threshold/Value,FLOAT,200,10,380,,,
/Device/Audio/Presets/Live/OutputProcess/Channels/Channel-{0:7}/PeakLimiter/AttackTime/Value,no,unmatched,,,FLOAT,0.002,0.0003,2,,Seconds,
/Device/Audio/Presets/Live/OutputProcess/Channels/Channel-{0:7}/PeakLimiter/ReleaseTime/Value,no,unmatched,,,FLOAT,0.032,0.003,8,,Seconds,
/Device/Audio/Presets/Live/OutputProcess/Channels/Channel-{0:7}/PeakLimiter/HoldTime/Value,no,unmatched,,,FLOAT,0,0,30,,,
/Device/Audio/Presets/Live/OutputProcess/Channels/Channel-{0:7}/PeakLimiter/IIR/IIR-{0:1}/Enable,no,unmatched,,,BOOL,False,,,,,
/Device/Audio/Presets/Live/OutputProcess/Channels/Channel-{0:7}/PeakLimiter/IIR/IIR-{0:1}/Type/Value,no,unmatched,,,ENUM,0,,,,,
/Device/Audio/Presets/Live/OutputProcess/Channels/Channel-{0:7}/PeakLimiter/IIR/IIR-{0:1}/Fc/Value,no,unmatched,,,FLOAT,1000,20,20000,,,
/Device/Audio/Presets/Live/OutputProcess/Channels/Channel-{0:7}/PeakLimiter/IIR/IIR-{0:1}/Gain/Value,no,unmatched,,,FLOAT,0,-15,15,,,
/Device/Audio/Presets/Live/OutputProcess/Channels/Channel-{0:7}/PeakLimiter/IIR/IIR-{0:1}/Q/Value,no,unmatched,,,FLOAT,1.4,0.1,30,,,
/Device/Audio/Presets/Live/OutputProcess/Channels/Channel-{0:7}/PeakLimiter/IIR/IIR-{0:1}/Slope/Value,no,unmatched,,,FLOAT,0.5,0.25,1.25,,,
/Device/Audio/Presets/Live/OutputProcess/Channels/Channel-{0:7}/PeakLimiter/SoftKnee/Threshold/Value,no,unmatched,,,FLOAT,0.7079457843841379,0.5011872336272722,1,,Linear,
/Device/Audio/Presets/Live/OutputProcess/Channels/Channel-{0:7}/PeakLimiter/SoftKnee/Enable,no,unmatched,,,BOOL,False,,,,,
/Device/Audio/Presets/Live/OutputProcess/Channels/Channel-{0:7}/DynamicEq/DYNAMICEQ-{0:2}/Enable,no,unmatched,,,BOOL,False,,,,,
/Device/Audio/Presets/Live/OutputProcess/Channels/Channel-{0:7}/DynamicEq/DYNAMICEQ-{0:2}/FilterType/Value,no,unmatched,,,ENUM,0,,,,,
/Device/Audio/Presets/Live/OutputProcess/Channels/Channel-{0:7}/DynamicEq/DYNAMICEQ-{0:2}/Fc/Value,no,unmatched,,,FLOAT,1000,20,20000,,,
/Device/Audio/Presets/Live/OutputProcess/Channels/Channel-{0:7}/DynamicEq/DYNAMICEQ-{0:2}/MinGain/Value,no,unmatched,,,FLOAT,-1,-25,-1,,,
/Device/Audio/Presets/Live/OutputProcess/Channels/Channel-{0:7}/DynamicEq/DYNAMICEQ-{0:2}/Q/Value,no,unmatched,,,FLOAT,1.4,0.1,30,,,
/Device/Audio/Presets/Live/OutputProcess/Channels/Channel-{0:7}/DynamicEq/DYNAMICEQ-{0:2}/Slope/Value,no,unmatched,,,FLOAT,12,6,24,,,
/Device/Audio/Presets/Live/OutputProcess/Channels/Channel-{0:7}/DynamicEq/DYNAMICEQ-{0:2}/Threshold/Value,no,unmatched,,,FLOAT,20,0.1,380,,,
/Device/Audio/Presets/Live/OutputProcess/Channels/Channel-{0:7}/DynamicEq/DYNAMICEQ-{0:2}/AttackTime/Value,no,unmatched,,,FLOAT,0.01,0.0003,30,,,
/Device/Audio/Presets/Live/OutputProcess/Channels/Channel-{0:7}/DynamicEq/DYNAMICEQ-{0:2}/ReleaseTime/Value,no,unmatched,,,FLOAT,0.01,0.003,30,,,
/Device/Audio/Presets/Live/OutputProcess/Channels/Channel-{0:7}/DynamicEq/DYNAMICEQ-{0:2}/LimiterType/Value,no,unmatched,,,ENUM,0,,,,,
/Device/Audio/Presets/Live/OutputProcess/Channels/Channel-{0:7}/DynamicEq/DYNAMICEQ-{0:2}/Position/Value,no,unmatched,,,ENUM,2,,,,,
/Device/Audio/Presets/Live/OutputProcess/Channels/Channel-{0:7}/DynamicEq/DYNAMICEQ-{0:2}/Subposition/Value,no,unmatched,,,ENUM,0,,,,,
/Device/Audio/Presets/Live/OutputProcess/Channels/Channel-{0:7}/DynamicEq/DYNAMICEQ-{0:2}/Ratio/Value,no,unmatched,,,FLOAT,0.25,0,1,,,
/Device/Audio/Presets/Live/OutputProcess/Channels/Channel-{0:7}/Feedloop/Value,yes,norm,OUTPUT_CHANNEL_FEEDLOOP,/Device/Audio/Presets/Live/OutputProcess/Channels/Channel-{0}/Feedloop,FLOAT,0,-2,2,,,
/Device/Audio/Presets/Live/OutputProcess/Channels/Channel-{0:7}/Feedloop/Enable,yes,norm,OUTPUT_CHANNEL_FEEDLOOP_ENABLED,/Device/Audio/Presets/Live/OutputProcess/Channels/Channel-{0}/Feedloop/Enable,BOOL,False,,,,,
/Device/Audio/Presets/Live/OutputProcess/Channels/Channel-{0:7}/PilotToneGenerator/Enable/Value,no,unmatched,,,BOOL,False,,,,,
/Device/Audio/Presets/Live/OutputProcess/Channels/Channel-{0:7}/PilotToneGenerator/Freq/Value,no,unmatched,,,FLOAT,20000,20,22000,,,
/Device/Audio/Presets/Live/OutputProcess/Channels/Channel-{0:7}/PilotToneGenerator/Amplitude/Value,no,unmatched,,,FLOAT,2,0.1,40,,,
/Device/Audio/Presets/Live/OutputProcess/Channels/Channel-{0:7}/PilotTone/Enable/Value,no,unmatched,,,BOOL,False,,,,,
/Device/Audio/Presets/Live/OutputProcess/Channels/Channel-{0:7}/PilotTone/Low/Value,no,unmatched,,,FLOAT,1.2,0.1,40,,,
/Device/Audio/Presets/Live/OutputProcess/Channels/Channel-{0:7}/PilotTone/High/Value,no,unmatched,,,FLOAT,1.8,0.1,40,,,
/Device/Audio/Presets/Live/OutputProcess/Channels/Channel-{0:7}/PilotTone/Freq/Value,no,unmatched,,,FLOAT,20000,20,22000,,,
/Device/Audio/Presets/Live/OutputProcess/Channels/Channel-{0:7}/LoadMonitor/Enable/Value,no,unmatched,,,BOOL,False,,,,,
/Device/Audio/Presets/Live/OutputProcess/Channels/Channel-{0:7}/LoadMonitor/Low/Value,no,unmatched,,,FLOAT,2,1,500,,,
/Device/Audio/Presets/Live/OutputProcess/Channels/Channel-{0:7}/LoadMonitor/High/Value,no,unmatched,,,FLOAT,16,1,500,,,
/Device/Audio/Presets/Live/OutputProcess/Channels/Channel-{0:7}/LoadMonitor/Freq/Value,no,unmatched,,,FLOAT,20000,20,22000,,,
/Device/Audio/Presets/Live/OutputProcess/Channels/Channel-{0:7}/NominalImpedance/Enable/Value,no,unmatched,,,BOOL,False,,,,,
/Device/Audio/Presets/Live/OutputProcess/Channels/Channel-{0:7}/NominalImpedance/Low/Value,no,unmatched,,,FLOAT,2,1,500,,,
/Device/Audio/Presets/Live/OutputProcess/Channels/Channel-{0:7}/NominalImpedance/High/Value,no,unmatched,,,FLOAT,16,1,500,,,
/Device/Audio/Presets/Live/Extra/OutputProcess/Channels/Channel-{0:7}/AuxAttenuation/Value,no,unmatched,,,FLOAT,1,0.001,1,,Linear,
/Device/Audio/Presets/Live/Extra/OutputProcess/Channels/Channel-{0:7}/AuxDelay/Value,no,unmatched,,,FLOAT,0,0,0.1,,,
/Device/Audio/Presets/Live/Extra/OutputProcess/Channels/Channel-{0:7}/AuxDelay/Enable,no,unmatched,,,BOOL,False,,,,,
/Device/Audio/Presets/Live/ReadOnly/SnapshotSlotId/Current,yes,exact,LIVE_CURRENT_SNAPSHOT_ID,/Device/Audio/Presets/Live/ReadOnly/SnapshotSlotId/Current,INT,-1,,,,,
/Device/Audio/Presets/Live/ReadOnly/SnapshotSlotId/Modified,yes,exact,LIVE_SNAPSHOT_MODIFIED,/Device/Audio/Presets/Live/ReadOnly/SnapshotSlotId/Modified,INT,0,,,,,
