template,suggestedKey
"/Device/Audio/Presets/Live/Extra/InputProcess/Channels/Channel-{0}/Groups/Group-{1}/Enable","INPUT_PROCESS_EXTRA_CHANNEL_GROUP_ENABLE"
"/Device/Audio/Presets/Live/Extra/InputProcess/Channels/Channel-{0}/Groups/Group-{1}/Gain/Value","INPUT_PROCESS_EXTRA_CHANNEL_GROUP_GAIN_VALUE"
"/Device/Audio/Presets/Live/Extra/InputProcess/Channels/Channel-{0}/Groups/Group-{1}/Guid","INPUT_PROCESS_EXTRA_CHANNEL_GROUP_GUID"
"/Device/Audio/Presets/Live/Extra/InputProcess/Channels/Channel-{0}/Groups/Group-{1}/InDelay/Enable","INPUT_PROCESS_EXTRA_CHANNEL_GROUP_INDELAY_ENABLE"
"/Device/Audio/Presets/Live/Extra/InputProcess/Channels/Channel-{0}/Groups/Group-{1}/InDelay/Value","INPUT_PROCESS_EXTRA_CHANNEL_GROUP_INDELAY_VALUE"
"/Device/Audio/Presets/Live/Extra/InputProcess/Channels/Channel-{0}/Groups/Group-{1}/InPolarity/Value","INPUT_PROCESS_EXTRA_CHANNEL_GROUP_INPOLARITY_VALUE"
"/Device/Audio/Presets/Live/Extra/InputProcess/Channels/Channel-{0}/Groups/Group-{1}/InputEQ/Filter/Filter-{2}/Enable","INPUT_PROCESS_EXTRA_CHANNEL_GROUP_FILTER_ENABLE"
"/Device/Audio/Presets/Live/Extra/InputProcess/Channels/Channel-{0}/Groups/Group-{1}/InputEQ/Filter/Filter-{2}/Freq1/Value","INPUT_PROCESS_EXTRA_CHANNEL_GROUP_FILTER_FREQ1_VALUE"
"/Device/Audio/Presets/Live/Extra/InputProcess/Channels/Channel-{0}/Groups/Group-{1}/InputEQ/Filter/Filter-{2}/Gain1/Value","INPUT_PROCESS_EXTRA_CHANNEL_GROUP_FILTER_GAIN1_VALUE"
"/Device/Audio/Presets/Live/Extra/InputProcess/Channels/Channel-{0}/Groups/Group-{1}/InputEQ/Filter/Filter-{2}/Slope1/Value","INPUT_PROCESS_EXTRA_CHANNEL_GROUP_FILTER_SLOPE1_VALUE"
"/Device/Audio/Presets/Live/Extra/InputProcess/Channels/Channel-{0}/Groups/Group-{1}/InputEQ/Filter/Filter-{2}/Type/Value","INPUT_PROCESS_EXTRA_CHANNEL_GROUP_FILTER_TYPE_VALUE"
"/Device/Audio/Presets/Live/Extra/InputProcess/Channels/Channel-{0}/Groups/Group-{1}/Mute/Value","INPUT_PROCESS_EXTRA_CHANNEL_GROUP_MUTE_VALUE"
"/Device/Audio/Presets/Live/Extra/InputProcess/Channels/Channel-{0}/Groups/Group-{1}/Name","INPUT_PROCESS_EXTRA_CHANNEL_GROUP_NAME"
"/Device/Audio/Presets/Live/Extra/InputProcess/Channels/Channel-{0}/Groups/Group-{1}/Type","INPUT_PROCESS_EXTRA_CHANNEL_GROUP_TYPE"
"/Device/Audio/Presets/Live/Extra/OutputProcess/Channels/Channel-{0}/AuxAttenuation/Value","OUTPUT_EXTRA_CHANNEL_AUX_ATTENUATION_VALUE"
"/Device/Audio/Presets/Live/Extra/OutputProcess/Channels/Channel-{0}/AuxDelay/Enable","OUTPUT_EXTRA_CHANNEL_AUX_DELAY_ENABLE"
"/Device/Audio/Presets/Live/Extra/OutputProcess/Channels/Channel-{0}/AuxDelay/Value","OUTPUT_EXTRA_CHANNEL_AUX_DELAY_VALUE"
"/Device/Audio/Presets/Live/Generals/LatencyCompensation/Value","GENERALS_LATENCY_COMPENSATION_VALUE"
"/Device/Audio/Presets/Live/Generals/SignalGenerator/Enable/Value","GENERALS_SIGNAL_GENERATOR_ENABLE_VALUE"
"/Device/Audio/Presets/Live/Generals/SignalGenerator/Gain/Value","GENERALS_SIGNAL_GENERATOR_GAIN_VALUE"
"/Device/Audio/Presets/Live/InputProcess/Channels/Channel-{0}/InDelay/Enable/Value","INPUT_PROCESS_CHANNEL_INDELAY_ENABLE_VALUE"
"/Device/Audio/Presets/Live/InputProcess/Generals/MaxCurrentDraw/Value","INPUT_PROCESS_MAXCURRENTDRAW_VALUE"
"/Device/Audio/Presets/Live/OutputProcess/Channels/Channel-{0}/Bridge/Value","OUTPUT_CHANNEL_BRIDGE_VALUE"
"/Device/Audio/Presets/Live/OutputProcess/Channels/Channel-{0}/ClipLimiter/AttackTime/Value","OUTPUT_CHANNEL_CLIP_LIMITER_ATTACKTIME_VALUE"
"/Device/Audio/Presets/Live/OutputProcess/Channels/Channel-{0}/ClipLimiter/Enable","OUTPUT_CHANNEL_CLIP_LIMITER_ENABLE"
"/Device/Audio/Presets/Live/OutputProcess/Channels/Channel-{0}/ClipLimiter/Gain/Value","OUTPUT_CHANNEL_CLIP_LIMITER_GAIN_VALUE"
"/Device/Audio/Presets/Live/OutputProcess/Channels/Channel-{0}/ClipLimiter/HoldTime/Value","OUTPUT_CHANNEL_CLIP_LIMITER_HOLDTIME_VALUE"
"/Device/Audio/Presets/Live/OutputProcess/Channels/Channel-{0}/ClipLimiter/ReleaseTime/Value","OUTPUT_CHANNEL_CLIP_LIMITER_RELEASETIME_VALUE"
"/Device/Audio/Presets/Live/OutputProcess/Channels/Channel-{0}/ClipLimiter/Threshold/Value","OUTPUT_CHANNEL_CLIP_LIMITER_THRESHOLD_VALUE"
"/Device/Audio/Presets/Live/OutputProcess/Channels/Channel-{0}/CurrentClamp/AttackTime/Value","OUTPUT_CHANNEL_CURRENT_CLAMP_ATTACKTIME_VALUE"
"/Device/Audio/Presets/Live/OutputProcess/Channels/Channel-{0}/CurrentClamp/Enable","OUTPUT_CHANNEL_CURRENT_CLAMP_ENABLE"
"/Device/Audio/Presets/Live/OutputProcess/Channels/Channel-{0}/CurrentClamp/Gain/Value","OUTPUT_CHANNEL_CURRENT_CLAMP_GAIN_VALUE"
"/Device/Audio/Presets/Live/OutputProcess/Channels/Channel-{0}/CurrentClamp/HoldTime/Value","OUTPUT_CHANNEL_CURRENT_CLAMP_HOLDTIME_VALUE"
"/Device/Audio/Presets/Live/OutputProcess/Channels/Channel-{0}/CurrentClamp/ReleaseTime/Value","OUTPUT_CHANNEL_CURRENT_CLAMP_RELEASETIME_VALUE"
"/Device/Audio/Presets/Live/OutputProcess/Channels/Channel-{0}/CurrentClamp/Threshold/Value","OUTPUT_CHANNEL_CURRENT_CLAMP_THRESHOLD_VALUE"
"/Device/Audio/Presets/Live/OutputProcess/Channels/Channel-{0}/CurrentLimiterRMS/AttackTime/Value","OUTPUT_CHANNEL_CURRENT_LIMITER_RMS_ATTACKTIME_VALUE"
"/Device/Audio/Presets/Live/OutputProcess/Channels/Channel-{0}/CurrentLimiterRMS/Enable","OUTPUT_CHANNEL_CURRENT_LIMITER_RMS_ENABLE"
"/Device/Audio/Presets/Live/OutputProcess/Channels/Channel-{0}/CurrentLimiterRMS/Gain/Value","OUTPUT_CHANNEL_CURRENT_LIMITER_RMS_GAIN_VALUE"
"/Device/Audio/Presets/Live/OutputProcess/Channels/Channel-{0}/CurrentLimiterRMS/HoldTime/Value","OUTPUT_CHANNEL_CURRENT_LIMITER_RMS_HOLDTIME_VALUE"
"/Device/Audio/Presets/Live/OutputProcess/Channels/Channel-{0}/CurrentLimiterRMS/ReleaseTime/Value","OUTPUT_CHANNEL_CURRENT_LIMITER_RMS_RELEASETIME_VALUE"
"/Device/Audio/Presets/Live/OutputProcess/Channels/Channel-{0}/CurrentLimiterRMS/Threshold/Value","OUTPUT_CHANNEL_CURRENT_LIMITER_RMS_THRESHOLD_VALUE"
"/Device/Audio/Presets/Live/OutputProcess/Channels/Channel-{0}/DynamicEq/DYNAMICEQ-0/AttackTime/Value","OUTPUT_CHANNEL_DYNAMICEQ_DYNAMICEQ-0_ATTACKTIME_VALUE"
"/Device/Audio/Presets/Live/OutputProcess/Channels/Channel-{0}/DynamicEq/DYNAMICEQ-0/Enable","OUTPUT_CHANNEL_DYNAMICEQ_DYNAMICEQ-0_ENABLE"
"/Device/Audio/Presets/Live/OutputProcess/Channels/Channel-{0}/DynamicEq/DYNAMICEQ-0/Fc/Value","OUTPUT_CHANNEL_DYNAMICEQ_DYNAMICEQ-0_FC_VALUE"
"/Device/Audio/Presets/Live/OutputProcess/Channels/Channel-{0}/DynamicEq/DYNAMICEQ-0/FilterType/Value","OUTPUT_CHANNEL_DYNAMICEQ_DYNAMICEQ-0_FILTERTYPE_VALUE"
"/Device/Audio/Presets/Live/OutputProcess/Channels/Channel-{0}/DynamicEq/DYNAMICEQ-0/LimiterType/Value","OUTPUT_CHANNEL_DYNAMICEQ_DYNAMICEQ-0_LIMITERTYPE_VALUE"
"/Device/Audio/Presets/Live/OutputProcess/Channels/Channel-{0}/DynamicEq/DYNAMICEQ-0/MinGain/Value","OUTPUT_CHANNEL_DYNAMICEQ_DYNAMICEQ-0_MINGAIN_VALUE"
"/Device/Audio/Presets/Live/OutputProcess/Channels/Channel-{0}/DynamicEq/DYNAMICEQ-0/Position/Value","OUTPUT_CHANNEL_DYNAMICEQ_DYNAMICEQ-0_POSITION_VALUE"
"/Device/Audio/Presets/Live/OutputProcess/Channels/Channel-{0}/DynamicEq/DYNAMICEQ-0/Q/Value","OUTPUT_CHANNEL_DYNAMICEQ_DYNAMICEQ-0_Q_VALUE"
"/Device/Audio/Presets/Live/OutputProcess/Channels/Channel-{0}/DynamicEq/DYNAMICEQ-0/Ratio/Value","OUTPUT_CHANNEL_DYNAMICEQ_DYNAMICEQ-0_RATIO_VALUE"
"/Device/Audio/Presets/Live/OutputProcess/Channels/Channel-{0}/DynamicEq/DYNAMICEQ-0/ReleaseTime/Value","OUTPUT_CHANNEL_DYNAMICEQ_DYNAMICEQ-0_RELEASETIME_VALUE"
"/Device/Audio/Presets/Live/OutputProcess/Channels/Channel-{0}/DynamicEq/DYNAMICEQ-0/Subposition/Value","OUTPUT_CHANNEL_DYNAMICEQ_DYNAMICEQ-0_SUBPOSITION_VALUE"
"/Device/Audio/Presets/Live/OutputProcess/Channels/Channel-{0}/DynamicEq/DYNAMICEQ-0/Threshold/Value","OUTPUT_CHANNEL_DYNAMICEQ_DYNAMICEQ-0_THRESHOLD_VALUE"
"/Device/Audio/Presets/Live/OutputProcess/Channels/Channel-{0}/Feedloop","OUTPUT_CHANNEL_FEEDLOOP"
"/Device/Audio/Presets/Live/OutputProcess/Channels/Channel-{0}/Feedloop/Enable","OUTPUT_CHANNEL_FEEDLOOP_ENABLE"
"/Device/Audio/Presets/Live/OutputProcess/Channels/Channel-{0}/Feedloop/Value","OUTPUT_CHANNEL_FEEDLOOP_VALUE"
"/Device/Audio/Presets/Live/OutputProcess/Channels/Channel-{0}/FIR/Enable","OUTPUT_CHANNEL_FIR_ENABLE"
"/Device/Audio/Presets/Live/OutputProcess/Channels/Channel-{0}/FIR/nTaps","OUTPUT_CHANNEL_FIR_NTAPS"
"/Device/Audio/Presets/Live/OutputProcess/Channels/Channel-{0}/FIR/Taps","OUTPUT_CHANNEL_FIR_TAPS"
"/Device/Audio/Presets/Live/OutputProcess/Channels/Channel-{0}/Gain/Value","OUTPUT_CHANNEL_GAIN_VALUE"
"/Device/Audio/Presets/Live/OutputProcess/Channels/Channel-{0}/IIR","OUTPUT_CHANNEL_IIR"
"/Device/Audio/Presets/Live/OutputProcess/Channels/Channel-{0}/IIR/IIR-0/Enable","OUTPUT_CHANNEL_IIR_IIR-0_ENABLE"
"/Device/Audio/Presets/Live/OutputProcess/Channels/Channel-{0}/IIR/IIR-0/Fc/Value","OUTPUT_CHANNEL_IIR_IIR-0_FC_VALUE"
"/Device/Audio/Presets/Live/OutputProcess/Channels/Channel-{0}/IIR/IIR-0/Gain/Value","OUTPUT_CHANNEL_IIR_IIR-0_GAIN_VALUE"
"/Device/Audio/Presets/Live/OutputProcess/Channels/Channel-{0}/IIR/IIR-0/Q/Value","OUTPUT_CHANNEL_IIR_IIR-0_Q_VALUE"
"/Device/Audio/Presets/Live/OutputProcess/Channels/Channel-{0}/IIR/IIR-0/Slope/Value","OUTPUT_CHANNEL_IIR_IIR-0_SLOPE_VALUE"
"/Device/Audio/Presets/Live/OutputProcess/Channels/Channel-{0}/IIR/IIR-0/Type/Value","OUTPUT_CHANNEL_IIR_IIR-0_TYPE_VALUE"
"/Device/Audio/Presets/Live/OutputProcess/Channels/Channel-{0}/LoadMonitor/Enable/Value","OUTPUT_CHANNEL_LOADMONITOR_ENABLE_VALUE"
"/Device/Audio/Presets/Live/OutputProcess/Channels/Channel-{0}/LoadMonitor/Freq/Value","OUTPUT_CHANNEL_LOADMONITOR_FREQ_VALUE"
"/Device/Audio/Presets/Live/OutputProcess/Channels/Channel-{0}/LoadMonitor/High/Value","OUTPUT_CHANNEL_LOADMONITOR_HIGH_VALUE"
"/Device/Audio/Presets/Live/OutputProcess/Channels/Channel-{0}/LoadMonitor/Low/Value","OUTPUT_CHANNEL_LOADMONITOR_LOW_VALUE"
"/Device/Audio/Presets/Live/OutputProcess/Channels/Channel-{0}/Mute/Value","OUTPUT_CHANNEL_MUTE_VALUE"
"/Device/Audio/Presets/Live/OutputProcess/Channels/Channel-{0}/Name","OUTPUT_CHANNEL_NAME"
"/Device/Audio/Presets/Live/OutputProcess/Channels/Channel-{0}/NominalImpedance/Enable/Value","OUTPUT_CHANNEL_NOMINALIMPEDANCE_ENABLE_VALUE"
"/Device/Audio/Presets/Live/OutputProcess/Channels/Channel-{0}/NominalImpedance/High/Value","OUTPUT_CHANNEL_NOMINALIMPEDANCE_HIGH_VALUE"
"/Device/Audio/Presets/Live/OutputProcess/Channels/Channel-{0}/NominalImpedance/Low/Value","OUTPUT_CHANNEL_NOMINALIMPEDANCE_LOW_VALUE"
"/Device/Audio/Presets/Live/OutputProcess/Channels/Channel-{0}/OutDelay/Enable","OUTPUT_CHANNEL_OUTDELAY_ENABLE"
"/Device/Audio/Presets/Live/OutputProcess/Channels/Channel-{0}/OutDelay/Value","OUTPUT_CHANNEL_OUTDELAY_VALUE"
"/Device/Audio/Presets/Live/OutputProcess/Channels/Channel-{0}/OutPolarity/Value","OUTPUT_CHANNEL_OUTPOLARITY_VALUE"
"/Device/Audio/Presets/Live/OutputProcess/Channels/Channel-{0}/PeakLimiter/AttackTime/Value","OUTPUT_CHANNEL_PEAK_LIMITER_ATTACKTIME_VALUE"
"/Device/Audio/Presets/Live/OutputProcess/Channels/Channel-{0}/PeakLimiter/Enable","OUTPUT_CHANNEL_PEAK_LIMITER_ENABLE"
"/Device/Audio/Presets/Live/OutputProcess/Channels/Channel-{0}/PeakLimiter/Gain/Value","OUTPUT_CHANNEL_PEAK_LIMITER_GAIN_VALUE"
"/Device/Audio/Presets/Live/OutputProcess/Channels/Channel-{0}/PeakLimiter/HoldTime/Value","OUTPUT_CHANNEL_PEAK_LIMITER_HOLDTIME_VALUE"
"/Device/Audio/Presets/Live/OutputProcess/Channels/Channel-{0}/PeakLimiter/IIR/IIR-0/Enable","OUTPUT_CHANNEL_PEAK_LIMITER_IIR_IIR-0_ENABLE"
"/Device/Audio/Presets/Live/OutputProcess/Channels/Channel-{0}/PeakLimiter/IIR/IIR-0/Fc/Value","OUTPUT_CHANNEL_PEAK_LIMITER_IIR_IIR-0_FC_VALUE"
"/Device/Audio/Presets/Live/OutputProcess/Channels/Channel-{0}/PeakLimiter/IIR/IIR-0/Gain/Value","OUTPUT_CHANNEL_PEAK_LIMITER_IIR_IIR-0_GAIN_VALUE"
"/Device/Audio/Presets/Live/OutputProcess/Channels/Channel-{0}/PeakLimiter/IIR/IIR-0/Q/Value","OUTPUT_CHANNEL_PEAK_LIMITER_IIR_IIR-0_Q_VALUE"
"/Device/Audio/Presets/Live/OutputProcess/Channels/Channel-{0}/PeakLimiter/IIR/IIR-0/Slope/Value","OUTPUT_CHANNEL_PEAK_LIMITER_IIR_IIR-0_SLOPE_VALUE"
"/Device/Audio/Presets/Live/OutputProcess/Channels/Channel-{0}/PeakLimiter/IIR/IIR-0/Type/Value","OUTPUT_CHANNEL_PEAK_LIMITER_IIR_IIR-0_TYPE_VALUE"
"/Device/Audio/Presets/Live/OutputProcess/Channels/Channel-{0}/PeakLimiter/ReleaseTime/Value","OUTPUT_CHANNEL_PEAK_LIMITER_RELEASETIME_VALUE"
"/Device/Audio/Presets/Live/OutputProcess/Channels/Channel-{0}/PeakLimiter/SoftKnee/Enable","OUTPUT_CHANNEL_PEAK_LIMITER_SOFTKNEE_ENABLE"
"/Device/Audio/Presets/Live/OutputProcess/Channels/Channel-{0}/PeakLimiter/SoftKnee/Threshold/Value","OUTPUT_CHANNEL_PEAK_LIMITER_SOFTKNEE_THRESHOLD_VALUE"
"/Device/Audio/Presets/Live/OutputProcess/Channels/Channel-{0}/PeakLimiter/Threshold/Value","OUTPUT_CHANNEL_PEAK_LIMITER_THRESHOLD_VALUE"
"/Device/Audio/Presets/Live/OutputProcess/Channels/Channel-{0}/PilotTone/Enable/Value","OUTPUT_CHANNEL_PILOTTONE_ENABLE_VALUE"
"/Device/Audio/Presets/Live/OutputProcess/Channels/Channel-{0}/PilotTone/Freq/Value","OUTPUT_CHANNEL_PILOTTONE_FREQ_VALUE"
"/Device/Audio/Presets/Live/OutputProcess/Channels/Channel-{0}/PilotTone/High/Value","OUTPUT_CHANNEL_PILOTTONE_HIGH_VALUE"
"/Device/Audio/Presets/Live/OutputProcess/Channels/Channel-{0}/PilotTone/Low/Value","OUTPUT_CHANNEL_PILOTTONE_LOW_VALUE"
"/Device/Audio/Presets/Live/OutputProcess/Channels/Channel-{0}/PilotToneGenerator/Amplitude/Value","OUTPUT_CHANNEL_PILOTTONEGENERATOR_AMPLITUDE_VALUE"
"/Device/Audio/Presets/Live/OutputProcess/Channels/Channel-{0}/PilotToneGenerator/Enable/Value","OUTPUT_CHANNEL_PILOTTONEGENERATOR_ENABLE_VALUE"
"/Device/Audio/Presets/Live/OutputProcess/Channels/Channel-{0}/PilotToneGenerator/Freq/Value","OUTPUT_CHANNEL_PILOTTONEGENERATOR_FREQ_VALUE"
"/Device/Audio/Presets/Live/OutputProcess/Channels/Channel-{0}/TruePowerLimiter/AttackTime/Value","OUTPUT_CHANNEL_TRUEPOWERLIMITER_ATTACKTIME_VALUE"
"/Device/Audio/Presets/Live/OutputProcess/Channels/Channel-{0}/TruePowerLimiter/Enable","OUTPUT_CHANNEL_TRUEPOWERLIMITER_ENABLE"
"/Device/Audio/Presets/Live/OutputProcess/Channels/Channel-{0}/TruePowerLimiter/Gain/Value","OUTPUT_CHANNEL_TRUEPOWERLIMITER_GAIN_VALUE"
"/Device/Audio/Presets/Live/OutputProcess/Channels/Channel-{0}/TruePowerLimiter/HoldTime/Value","OUTPUT_CHANNEL_TRUEPOWERLIMITER_HOLDTIME_VALUE"
"/Device/Audio/Presets/Live/OutputProcess/Channels/Channel-{0}/TruePowerLimiter/ReleaseTime/Value","OUTPUT_CHANNEL_TRUEPOWERLIMITER_RELEASETIME_VALUE"
"/Device/Audio/Presets/Live/OutputProcess/Channels/Channel-{0}/TruePowerLimiter/Threshold/Value","OUTPUT_CHANNEL_TRUEPOWERLIMITER_THRESHOLD_VALUE"
"/Device/Audio/Presets/Live/OutputProcess/Channels/Channel-{0}/VoltageLimiterRMS/AttackTime/Value","OUTPUT_CHANNEL_VOLTAGELIMITERRMS_ATTACKTIME_VALUE"
"/Device/Audio/Presets/Live/OutputProcess/Channels/Channel-{0}/VoltageLimiterRMS/Enable","OUTPUT_CHANNEL_VOLTAGELIMITERRMS_ENABLE"
"/Device/Audio/Presets/Live/OutputProcess/Channels/Channel-{0}/VoltageLimiterRMS/Gain/Value","OUTPUT_CHANNEL_VOLTAGELIMITERRMS_GAIN_VALUE"
"/Device/Audio/Presets/Live/OutputProcess/Channels/Channel-{0}/VoltageLimiterRMS/HoldTime/Value","OUTPUT_CHANNEL_VOLTAGELIMITERRMS_HOLDTIME_VALUE"
"/Device/Audio/Presets/Live/OutputProcess/Channels/Channel-{0}/VoltageLimiterRMS/IIR/IIR-0/Enable","OUTPUT_CHANNEL_VOLTAGELIMITERRMS_IIR_IIR-0_ENABLE"
"/Device/Audio/Presets/Live/OutputProcess/Channels/Channel-{0}/VoltageLimiterRMS/IIR/IIR-0/Fc/Value","OUTPUT_CHANNEL_VOLTAGELIMITERRMS_IIR_IIR-0_FC_VALUE"
"/Device/Audio/Presets/Live/OutputProcess/Channels/Channel-{0}/VoltageLimiterRMS/IIR/IIR-0/Gain/Value","OUTPUT_CHANNEL_VOLTAGELIMITERRMS_IIR_IIR-0_GAIN_VALUE"
"/Device/Audio/Presets/Live/OutputProcess/Channels/Channel-{0}/VoltageLimiterRMS/IIR/IIR-0/Q/Value","OUTPUT_CHANNEL_VOLTAGELIMITERRMS_IIR_IIR-0_Q_VALUE"
"/Device/Audio/Presets/Live/OutputProcess/Channels/Channel-{0}/VoltageLimiterRMS/IIR/IIR-0/Slope/Value","OUTPUT_CHANNEL_VOLTAGELIMITERRMS_IIR_IIR-0_SLOPE_VALUE"
"/Device/Audio/Presets/Live/OutputProcess/Channels/Channel-{0}/VoltageLimiterRMS/IIR/IIR-0/Type/Value","OUTPUT_CHANNEL_VOLTAGELIMITERRMS_IIR_IIR-0_TYPE_VALUE"
"/Device/Audio/Presets/Live/OutputProcess/Channels/Channel-{0}/VoltageLimiterRMS/ReleaseTime/Value","OUTPUT_CHANNEL_VOLTAGELIMITERRMS_RELEASETIME_VALUE"
"/Device/Audio/Presets/Live/OutputProcess/Channels/Channel-{0}/VoltageLimiterRMS/SoftKnee/Enable","OUTPUT_CHANNEL_VOLTAGELIMITERRMS_SOFTKNEE_ENABLE"
"/Device/Audio/Presets/Live/OutputProcess/Channels/Channel-{0}/VoltageLimiterRMS/SoftKnee/Threshold/Value","OUTPUT_CHANNEL_VOLTAGELIMITERRMS_SOFTKNEE_THRESHOLD_VALUE"
"/Device/Audio/Presets/Live/OutputProcess/Channels/Channel-{0}/VoltageLimiterRMS/Threshold/Value","OUTPUT_CHANNEL_VOLTAGELIMITERRMS_THRESHOLD_VALUE"
"/Device/Audio/Presets/Live/OutputProcess/Channels/Channel-{0}/XOver/XOver-0/Enable","OUTPUT_CHANNEL_XOVER_XOVER-0_ENABLE"
"/Device/Audio/Presets/Live/OutputProcess/Channels/Channel-{0}/XOver/XOver-0/Fc/Value","OUTPUT_CHANNEL_XOVER_XOVER-0_FC_VALUE"
"/Device/Audio/Presets/Live/OutputProcess/Channels/Channel-{0}/XOver/XOver-0/Slope/Value","OUTPUT_CHANNEL_XOVER_XOVER-0_SLOPE_VALUE"
"/Device/Audio/Presets/Live/OutputProcess/Channels/Channel-{0}/XOver/XOver-0/Type/Value","OUTPUT_CHANNEL_XOVER_XOVER-0_TYPE_VALUE"
"/Device/Audio/Presets/Live/OutputProcess/Channels/Channel-{0}/DynamicEq/DYNAMICEQ-1/AttackTime/Value","OUTPUT_CHANNEL_DYNAMICEQ_DYNAMICEQ-1_ATTACKTIME_VALUE"
"/Device/Audio/Presets/Live/OutputProcess/Channels/Channel-{0}/DynamicEq/DYNAMICEQ-1/Enable","OUTPUT_CHANNEL_DYNAMICEQ_DYNAMICEQ-1_ENABLE"
"/Device/Audio/Presets/Live/OutputProcess/Channels/Channel-{0}/DynamicEq/DYNAMICEQ-1/Fc/Value","OUTPUT_CHANNEL_DYNAMICEQ_DYNAMICEQ-1_FC_VALUE"
"/Device/Audio/Presets/Live/OutputProcess/Channels/Channel-{0}/DynamicEq/DYNAMICEQ-1/FilterType/Value","OUTPUT_CHANNEL_DYNAMICEQ_DYNAMICEQ-1_FILTERTYPE_VALUE"
"/Device/Audio/Presets/Live/OutputProcess/Channels/Channel-{0}/DynamicEq/DYNAMICEQ-1/LimiterType/Value","OUTPUT_CHANNEL_DYNAMICEQ_DYNAMICEQ-1_LIMITERTYPE_VALUE"
"/Device/Audio/Presets/Live/OutputProcess/Channels/Channel-{0}/DynamicEq/DYNAMICEQ-1/MinGain/Value","OUTPUT_CHANNEL_DYNAMICEQ_DYNAMICEQ-1_MINGAIN_VALUE"
"/Device/Audio/Presets/Live/OutputProcess/Channels/Channel-{0}/DynamicEq/DYNAMICEQ-1/Position/Value","OUTPUT_CHANNEL_DYNAMICEQ_DYNAMICEQ-1_POSITION_VALUE"
"/Device/Audio/Presets/Live/OutputProcess/Channels/Channel-{0}/DynamicEq/DYNAMICEQ-1/Q/Value","OUTPUT_CHANNEL_DYNAMICEQ_DYNAMICEQ-1_Q_VALUE"
"/Device/Audio/Presets/Live/OutputProcess/Channels/Channel-{0}/DynamicEq/DYNAMICEQ-1/Ratio/Value","OUTPUT_CHANNEL_DYNAMICEQ_DYNAMICEQ-1_RATIO_VALUE"
"/Device/Audio/Presets/Live/OutputProcess/Channels/Channel-{0}/DynamicEq/DYNAMICEQ-1/ReleaseTime/Value","OUTPUT_CHANNEL_DYNAMICEQ_DYNAMICEQ-1_RELEASETIME_VALUE"
"/Device/Audio/Presets/Live/OutputProcess/Channels/Channel-{0}/DynamicEq/DYNAMICEQ-1/Subposition/Value","OUTPUT_CHANNEL_DYNAMICEQ_DYNAMICEQ-1_SUBPOSITION_VALUE"
"/Device/Audio/Presets/Live/OutputProcess/Channels/Channel-{0}/DynamicEq/DYNAMICEQ-1/Threshold/Value","OUTPUT_CHANNEL_DYNAMICEQ_DYNAMICEQ-1_THRESHOLD_VALUE"
"/Device/Audio/Presets/Live/OutputProcess/Channels/Channel-{0}/IIR/IIR-1/Enable","OUTPUT_CHANNEL_IIR_IIR-1_ENABLE"
"/Device/Audio/Presets/Live/OutputProcess/Channels/Channel-{0}/IIR/IIR-1/Fc/Value","OUTPUT_CHANNEL_IIR_IIR-1_FC_VALUE"
"/Device/Audio/Presets/Live/OutputProcess/Channels/Channel-{0}/IIR/IIR-1/Gain/Value","OUTPUT_CHANNEL_IIR_IIR-1_GAIN_VALUE"
"/Device/Audio/Presets/Live/OutputProcess/Channels/Channel-{0}/IIR/IIR-1/Q/Value","OUTPUT_CHANNEL_IIR_IIR-1_Q_VALUE"
"/Device/Audio/Presets/Live/OutputProcess/Channels/Channel-{0}/IIR/IIR-1/Slope/Value","OUTPUT_CHANNEL_IIR_IIR-1_SLOPE_VALUE"
"/Device/Audio/Presets/Live/OutputProcess/Channels/Channel-{0}/IIR/IIR-1/Type/Value","OUTPUT_CHANNEL_IIR_IIR-1_TYPE_VALUE"
"/Device/Audio/Presets/Live/OutputProcess/Channels/Channel-{0}/PeakLimiter/IIR/IIR-1/Enable","OUTPUT_CHANNEL_PEAK_LIMITER_IIR_IIR-1_ENABLE"
"/Device/Audio/Presets/Live/OutputProcess/Channels/Channel-{0}/PeakLimiter/IIR/IIR-1/Fc/Value","OUTPUT_CHANNEL_PEAK_LIMITER_IIR_IIR-1_FC_VALUE"
"/Device/Audio/Presets/Live/OutputProcess/Channels/Channel-{0}/PeakLimiter/IIR/IIR-1/Gain/Value","OUTPUT_CHANNEL_PEAK_LIMITER_IIR_IIR-1_GAIN_VALUE"
"/Device/Audio/Presets/Live/OutputProcess/Channels/Channel-{0}/PeakLimiter/IIR/IIR-1/Q/Value","OUTPUT_CHANNEL_PEAK_LIMITER_IIR_IIR-1_Q_VALUE"
"/Device/Audio/Presets/Live/OutputProcess/Channels/Channel-{0}/PeakLimiter/IIR/IIR-1/Slope/Value","OUTPUT_CHANNEL_PEAK_LIMITER_IIR_IIR-1_SLOPE_VALUE"
"/Device/Audio/Presets/Live/OutputProcess/Channels/Channel-{0}/PeakLimiter/IIR/IIR-1/Type/Value","OUTPUT_CHANNEL_PEAK_LIMITER_IIR_IIR-1_TYPE_VALUE"
"/Device/Audio/Presets/Live/OutputProcess/Channels/Channel-{0}/VoltageLimiterRMS/IIR/IIR-1/Enable","OUTPUT_CHANNEL_VOLTAGELIMITERRMS_IIR_IIR-1_ENABLE"
"/Device/Audio/Presets/Live/OutputProcess/Channels/Channel-{0}/VoltageLimiterRMS/IIR/IIR-1/Fc/Value","OUTPUT_CHANNEL_VOLTAGELIMITERRMS_IIR_IIR-1_FC_VALUE"
"/Device/Audio/Presets/Live/OutputProcess/Channels/Channel-{0}/VoltageLimiterRMS/IIR/IIR-1/Gain/Value","OUTPUT_CHANNEL_VOLTAGELIMITERRMS_IIR_IIR-1_GAIN_VALUE"
"/Device/Audio/Presets/Live/OutputProcess/Channels/Channel-{0}/VoltageLimiterRMS/IIR/IIR-1/Q/Value","OUTPUT_CHANNEL_VOLTAGELIMITERRMS_IIR_IIR-1_Q_VALUE"
"/Device/Audio/Presets/Live/OutputProcess/Channels/Channel-{0}/VoltageLimiterRMS/IIR/IIR-1/Slope/Value","OUTPUT_CHANNEL_VOLTAGELIMITERRMS_IIR_IIR-1_SLOPE_VALUE"
"/Device/Audio/Presets/Live/OutputProcess/Channels/Channel-{0}/VoltageLimiterRMS/IIR/IIR-1/Type/Value","OUTPUT_CHANNEL_VOLTAGELIMITERRMS_IIR_IIR-1_TYPE_VALUE"
"/Device/Audio/Presets/Live/OutputProcess/Channels/Channel-{0}/XOver/XOver-1/Enable","OUTPUT_CHANNEL_XOVER_XOVER-1_ENABLE"
"/Device/Audio/Presets/Live/OutputProcess/Channels/Channel-{0}/XOver/XOver-1/Fc/Value","OUTPUT_CHANNEL_XOVER_XOVER-1_FC_VALUE"
"/Device/Audio/Presets/Live/OutputProcess/Channels/Channel-{0}/XOver/XOver-1/Slope/Value","OUTPUT_CHANNEL_XOVER_XOVER-1_SLOPE_VALUE"
"/Device/Audio/Presets/Live/OutputProcess/Channels/Channel-{0}/XOver/XOver-1/Type/Value","OUTPUT_CHANNEL_XOVER_XOVER-1_TYPE_VALUE"
"/Device/Audio/Presets/Live/OutputProcess/Channels/Channel-{0}/DynamicEq/DYNAMICEQ-2/AttackTime/Value","OUTPUT_CHANNEL_DYNAMICEQ_DYNAMICEQ-2_ATTACKTIME_VALUE"
"/Device/Audio/Presets/Live/OutputProcess/Channels/Channel-{0}/DynamicEq/DYNAMICEQ-2/Enable","OUTPUT_CHANNEL_DYNAMICEQ_DYNAMICEQ-2_ENABLE"
"/Device/Audio/Presets/Live/OutputProcess/Channels/Channel-{0}/DynamicEq/DYNAMICEQ-2/Fc/Value","OUTPUT_CHANNEL_DYNAMICEQ_DYNAMICEQ-2_FC_VALUE"
"/Device/Audio/Presets/Live/OutputProcess/Channels/Channel-{0}/DynamicEq/DYNAMICEQ-2/FilterType/Value","OUTPUT_CHANNEL_DYNAMICEQ_DYNAMICEQ-2_FILTERTYPE_VALUE"
"/Device/Audio/Presets/Live/OutputProcess/Channels/Channel-{0}/DynamicEq/DYNAMICEQ-2/LimiterType/Value","OUTPUT_CHANNEL_DYNAMICEQ_DYNAMICEQ-2_LIMITERTYPE_VALUE"
"/Device/Audio/Presets/Live/OutputProcess/Channels/Channel-{0}/DynamicEq/DYNAMICEQ-2/MinGain/Value","OUTPUT_CHANNEL_DYNAMICEQ_DYNAMICEQ-2_MINGAIN_VALUE"
"/Device/Audio/Presets/Live/OutputProcess/Channels/Channel-{0}/DynamicEq/DYNAMICEQ-2/Position/Value","OUTPUT_CHANNEL_DYNAMICEQ_DYNAMICEQ-2_POSITION_VALUE"
"/Device/Audio/Presets/Live/OutputProcess/Channels/Channel-{0}/DynamicEq/DYNAMICEQ-2/Q/Value","OUTPUT_CHANNEL_DYNAMICEQ_DYNAMICEQ-2_Q_VALUE"
"/Device/Audio/Presets/Live/OutputProcess/Channels/Channel-{0}/DynamicEq/DYNAMICEQ-2/Ratio/Value","OUTPUT_CHANNEL_DYNAMICEQ_DYNAMICEQ-2_RATIO_VALUE"
"/Device/Audio/Presets/Live/OutputProcess/Channels/Channel-{0}/DynamicEq/DYNAMICEQ-2/ReleaseTime/Value","OUTPUT_CHANNEL_DYNAMICEQ_DYNAMICEQ-2_RELEASETIME_VALUE"
"/Device/Audio/Presets/Live/OutputProcess/Channels/Channel-{0}/DynamicEq/DYNAMICEQ-2/Subposition/Value","OUTPUT_CHANNEL_DYNAMICEQ_DYNAMICEQ-2_SUBPOSITION_VALUE"
"/Device/Audio/Presets/Live/OutputProcess/Channels/Channel-{0}/DynamicEq/DYNAMICEQ-2/Threshold/Value","OUTPUT_CHANNEL_DYNAMICEQ_DYNAMICEQ-2_THRESHOLD_VALUE"
"/Device/Audio/Presets/Live/OutputProcess/Channels/Channel-{0}/IIR/IIR-2/Enable","OUTPUT_CHANNEL_IIR_IIR-2_ENABLE"
"/Device/Audio/Presets/Live/OutputProcess/Channels/Channel-{0}/IIR/IIR-2/Fc/Value","OUTPUT_CHANNEL_IIR_IIR-2_FC_VALUE"
"/Device/Audio/Presets/Live/OutputProcess/Channels/Channel-{0}/IIR/IIR-2/Gain/Value","OUTPUT_CHANNEL_IIR_IIR-2_GAIN_VALUE"
"/Device/Audio/Presets/Live/OutputProcess/Channels/Channel-{0}/IIR/IIR-2/Q/Value","OUTPUT_CHANNEL_IIR_IIR-2_Q_VALUE"
"/Device/Audio/Presets/Live/OutputProcess/Channels/Channel-{0}/IIR/IIR-2/Slope/Value","OUTPUT_CHANNEL_IIR_IIR-2_SLOPE_VALUE"
"/Device/Audio/Presets/Live/OutputProcess/Channels/Channel-{0}/IIR/IIR-2/Type/Value","OUTPUT_CHANNEL_IIR_IIR-2_TYPE_VALUE"
"/Device/Audio/Presets/Live/OutputProcess/Channels/Channel-{0}/IIR/IIR-3/Enable","OUTPUT_CHANNEL_IIR_IIR-3_ENABLE"
"/Device/Audio/Presets/Live/OutputProcess/Channels/Channel-{0}/IIR/IIR-3/Fc/Value","OUTPUT_CHANNEL_IIR_IIR-3_FC_VALUE"
"/Device/Audio/Presets/Live/OutputProcess/Channels/Channel-{0}/IIR/IIR-3/Gain/Value","OUTPUT_CHANNEL_IIR_IIR-3_GAIN_VALUE"
"/Device/Audio/Presets/Live/OutputProcess/Channels/Channel-{0}/IIR/IIR-3/Q/Value","OUTPUT_CHANNEL_IIR_IIR-3_Q_VALUE"
"/Device/Audio/Presets/Live/OutputProcess/Channels/Channel-{0}/IIR/IIR-3/Slope/Value","OUTPUT_CHANNEL_IIR_IIR-3_SLOPE_VALUE"
"/Device/Audio/Presets/Live/OutputProcess/Channels/Channel-{0}/IIR/IIR-3/Type/Value","OUTPUT_CHANNEL_IIR_IIR-3_TYPE_VALUE"
"/Device/Audio/Presets/Live/OutputProcess/Channels/Channel-{0}/IIR/IIR-4/Enable","OUTPUT_CHANNEL_IIR_IIR-4_ENABLE"
"/Device/Audio/Presets/Live/OutputProcess/Channels/Channel-{0}/IIR/IIR-4/Fc/Value","OUTPUT_CHANNEL_IIR_IIR-4_FC_VALUE"
"/Device/Audio/Presets/Live/OutputProcess/Channels/Channel-{0}/IIR/IIR-4/Gain/Value","OUTPUT_CHANNEL_IIR_IIR-4_GAIN_VALUE"
"/Device/Audio/Presets/Live/OutputProcess/Channels/Channel-{0}/IIR/IIR-4/Q/Value","OUTPUT_CHANNEL_IIR_IIR-4_Q_VALUE"
"/Device/Audio/Presets/Live/OutputProcess/Channels/Channel-{0}/IIR/IIR-4/Slope/Value","OUTPUT_CHANNEL_IIR_IIR-4_SLOPE_VALUE"
"/Device/Audio/Presets/Live/OutputProcess/Channels/Channel-{0}/IIR/IIR-4/Type/Value","OUTPUT_CHANNEL_IIR_IIR-4_TYPE_VALUE"
"/Device/Audio/Presets/Live/OutputProcess/Channels/Channel-{0}/IIR/IIR-5/Enable","OUTPUT_CHANNEL_IIR_IIR-5_ENABLE"
"/Device/Audio/Presets/Live/OutputProcess/Channels/Channel-{0}/IIR/IIR-5/Fc/Value","OUTPUT_CHANNEL_IIR_IIR-5_FC_VALUE"
"/Device/Audio/Presets/Live/OutputProcess/Channels/Channel-{0}/IIR/IIR-5/Gain/Value","OUTPUT_CHANNEL_IIR_IIR-5_GAIN_VALUE"
"/Device/Audio/Presets/Live/OutputProcess/Channels/Channel-{0}/IIR/IIR-5/Q/Value","OUTPUT_CHANNEL_IIR_IIR-5_Q_VALUE"
"/Device/Audio/Presets/Live/OutputProcess/Channels/Channel-{0}/IIR/IIR-5/Slope/Value","OUTPUT_CHANNEL_IIR_IIR-5_SLOPE_VALUE"
"/Device/Audio/Presets/Live/OutputProcess/Channels/Channel-{0}/IIR/IIR-5/Type/Value","OUTPUT_CHANNEL_IIR_IIR-5_TYPE_VALUE"
"/Device/Audio/Presets/Live/OutputProcess/Channels/Channel-{0}/IIR/IIR-6/Enable","OUTPUT_CHANNEL_IIR_IIR-6_ENABLE"
"/Device/Audio/Presets/Live/OutputProcess/Channels/Channel-{0}/IIR/IIR-6/Fc/Value","OUTPUT_CHANNEL_IIR_IIR-6_FC_VALUE"
"/Device/Audio/Presets/Live/OutputProcess/Channels/Channel-{0}/IIR/IIR-6/Gain/Value","OUTPUT_CHANNEL_IIR_IIR-6_GAIN_VALUE"
"/Device/Audio/Presets/Live/OutputProcess/Channels/Channel-{0}/IIR/IIR-6/Q/Value","OUTPUT_CHANNEL_IIR_IIR-6_Q_VALUE"
"/Device/Audio/Presets/Live/OutputProcess/Channels/Channel-{0}/IIR/IIR-6/Slope/Value","OUTPUT_CHANNEL_IIR_IIR-6_SLOPE_VALUE"
"/Device/Audio/Presets/Live/OutputProcess/Channels/Channel-{0}/IIR/IIR-6/Type/Value","OUTPUT_CHANNEL_IIR_IIR-6_TYPE_VALUE"
"/Device/Audio/Presets/Live/OutputProcess/Channels/Channel-{0}/IIR/IIR-7/Enable","OUTPUT_CHANNEL_IIR_IIR-7_ENABLE"
"/Device/Audio/Presets/Live/OutputProcess/Channels/Channel-{0}/IIR/IIR-7/Fc/Value","OUTPUT_CHANNEL_IIR_IIR-7_FC_VALUE"
"/Device/Audio/Presets/Live/OutputProcess/Channels/Channel-{0}/IIR/IIR-7/Gain/Value","OUTPUT_CHANNEL_IIR_IIR-7_GAIN_VALUE"
"/Device/Audio/Presets/Live/OutputProcess/Channels/Channel-{0}/IIR/IIR-7/Q/Value","OUTPUT_CHANNEL_IIR_IIR-7_Q_VALUE"
"/Device/Audio/Presets/Live/OutputProcess/Channels/Channel-{0}/IIR/IIR-7/Slope/Value","OUTPUT_CHANNEL_IIR_IIR-7_SLOPE_VALUE"
"/Device/Audio/Presets/Live/OutputProcess/Channels/Channel-{0}/IIR/IIR-7/Type/Value","OUTPUT_CHANNEL_IIR_IIR-7_TYPE_VALUE"
"/Device/Audio/Presets/Live/PreOutputProcess/Channels/Channel-{0}/Delay/Enable","PREOUTPUTPROCESS_CHANNEL_DELAY_ENABLE"
"/Device/Audio/Presets/Live/PreOutputProcess/Channels/Channel-{0}/Delay/Value","PREOUTPUTPROCESS_CHANNEL_DELAY_VALUE"
"/Device/Audio/Presets/Live/PreOutputProcess/Channels/Channel-{0}/FilterNameA","PREOUTPUTPROCESS_CHANNEL_FILTERNAMEA"
"/Device/Audio/Presets/Live/PreOutputProcess/Channels/Channel-{0}/FilterNameB","PREOUTPUTPROCESS_CHANNEL_FILTERNAMEB"
"/Device/Audio/Presets/Live/PreOutputProcess/Channels/Channel-{0}/FilterNameC","PREOUTPUTPROCESS_CHANNEL_FILTERNAMEC"
"/Device/Audio/Presets/Live/PreOutputProcess/Channels/Channel-{0}/FIR/Enable","PREOUTPUTPROCESS_CHANNEL_FIR_ENABLE"
"/Device/Audio/Presets/Live/PreOutputProcess/Channels/Channel-{0}/FIR/nTaps","PREOUTPUTPROCESS_CHANNEL_FIR_NTAPS"
"/Device/Audio/Presets/Live/PreOutputProcess/Channels/Channel-{0}/FIR/Taps","PREOUTPUTPROCESS_CHANNEL_FIR_TAPS"
"/Device/Audio/Presets/Live/PreOutputProcess/Channels/Channel-{0}/Gain/Value","PREOUTPUTPROCESS_CHANNEL_GAIN_VALUE"
"/Device/Audio/Presets/Live/PreOutputProcess/Channels/Channel-{0}/HarmonicGenerator/DryOutput/Enable","PREOUTPUTPROCESS_CHANNEL_HARMONICGENERATOR_DRYOUTPUT_ENABLE"
"/Device/Audio/Presets/Live/PreOutputProcess/Channels/Channel-{0}/HarmonicGenerator/DryOutput/Gain/Value","PREOUTPUTPROCESS_CHANNEL_HARMONICGENERATOR_DRYOUTPUT_GAIN_VALUE"
"/Device/Audio/Presets/Live/PreOutputProcess/Channels/Channel-{0}/HarmonicGenerator/Harmonic/Enable","PREOUTPUTPROCESS_CHANNEL_HARMONICGENERATOR_HARMONIC_ENABLE"
"/Device/Audio/Presets/Live/PreOutputProcess/Channels/Channel-{0}/HarmonicGenerator/Harmonic/Gain/Value","PREOUTPUTPROCESS_CHANNEL_HARMONICGENERATOR_HARMONIC_GAIN_VALUE"
"/Device/Audio/Presets/Live/PreOutputProcess/Channels/Channel-{0}/HarmonicGenerator/Harmonic/HiPassFc/Value","PREOUTPUTPROCESS_CHANNEL_HARMONICGENERATOR_HARMONIC_HIPASSFC_VALUE"
"/Device/Audio/Presets/Live/PreOutputProcess/Channels/Channel-{0}/HarmonicGenerator/Harmonic/LowPassFc/Value","PREOUTPUTPROCESS_CHANNEL_HARMONICGENERATOR_HARMONIC_LOWPASSFC_VALUE"
"/Device/Audio/Presets/Live/PreOutputProcess/Channels/Channel-{0}/HarmonicGenerator/Harmonic/LowPassSlope/Value","PREOUTPUTPROCESS_CHANNEL_HARMONICGENERATOR_HARMONIC_LOWPASSSLOPE_VALUE"
"/Device/Audio/Presets/Live/PreOutputProcess/Channels/Channel-{0}/HarmonicGenerator/Harmonic/Mode","PREOUTPUTPROCESS_CHANNEL_HARMONICGENERATOR_HARMONIC_MODE"
"/Device/Audio/Presets/Live/PreOutputProcess/Channels/Channel-{0}/HarmonicGenerator/SubHarmonic/Enable","PREOUTPUTPROCESS_CHANNEL_HARMONICGENERATOR_SUBHARMONIC_ENABLE"
"/Device/Audio/Presets/Live/PreOutputProcess/Channels/Channel-{0}/HarmonicGenerator/SubHarmonic/Gain/Value","PREOUTPUTPROCESS_CHANNEL_HARMONICGENERATOR_SUBHARMONIC_GAIN_VALUE"
"/Device/Audio/Presets/Live/PreOutputProcess/Channels/Channel-{0}/HarmonicGenerator/SubHarmonic/HiPassFc/Value","PREOUTPUTPROCESS_CHANNEL_HARMONICGENERATOR_SUBHARMONIC_HIPASSFC_VALUE"
"/Device/Audio/Presets/Live/PreOutputProcess/Channels/Channel-{0}/HarmonicGenerator/SubHarmonic/HiPassSlope/Value","PREOUTPUTPROCESS_CHANNEL_HARMONICGENERATOR_SUBHARMONIC_HIPASSSLOPE_VALUE"
"/Device/Audio/Presets/Live/PreOutputProcess/Channels/Channel-{0}/HarmonicGenerator/SubHarmonic/LowPassFc/Value","PREOUTPUTPROCESS_CHANNEL_HARMONICGENERATOR_SUBHARMONIC_LOWPASSFC_VALUE"
"/Device/Audio/Presets/Live/PreOutputProcess/Channels/Channel-{0}/HarmonicGenerator/SubHarmonic/LowPassSlope/Value","PREOUTPUTPROCESS_CHANNEL_HARMONICGENERATOR_SUBHARMONIC_LOWPASSSLOPE_VALUE"
"/Device/Audio/Presets/Live/PreOutputProcess/Channels/Channel-{0}/IIR/IIR-0/Enable","PREOUTPUTPROCESS_CHANNEL_IIR_IIR-0_ENABLE"
"/Device/Audio/Presets/Live/PreOutputProcess/Channels/Channel-{0}/IIR/IIR-0/Fc/Value","PREOUTPUTPROCESS_CHANNEL_IIR_IIR-0_FC_VALUE"
"/Device/Audio/Presets/Live/PreOutputProcess/Channels/Channel-{0}/IIR/IIR-0/Gain/Value","PREOUTPUTPROCESS_CHANNEL_IIR_IIR-0_GAIN_VALUE"
"/Device/Audio/Presets/Live/PreOutputProcess/Channels/Channel-{0}/IIR/IIR-0/Q/Value","PREOUTPUTPROCESS_CHANNEL_IIR_IIR-0_Q_VALUE"
"/Device/Audio/Presets/Live/PreOutputProcess/Channels/Channel-{0}/IIR/IIR-0/Slope/Value","PREOUTPUTPROCESS_CHANNEL_IIR_IIR-0_SLOPE_VALUE"
"/Device/Audio/Presets/Live/PreOutputProcess/Channels/Channel-{0}/IIR/IIR-0/Type/Value","PREOUTPUTPROCESS_CHANNEL_IIR_IIR-0_TYPE_VALUE"
"/Device/Audio/Presets/Live/PreOutputProcess/Channels/Channel-{0}/IsHighZActive/Value","PREOUTPUTPROCESS_CHANNEL_ISHIGHZACTIVE_VALUE"
"/Device/Audio/Presets/Live/PreOutputProcess/Channels/Channel-{0}/Mute/Value","PREOUTPUTPROCESS_CHANNEL_MUTE_VALUE"
"/Device/Audio/Presets/Live/PreOutputProcess/Channels/Channel-{0}/Polarity/Value","PREOUTPUTPROCESS_CHANNEL_POLARITY_VALUE"
"/Device/Audio/Presets/Live/PreOutputProcess/Channels/Channel-{0}/XOver/XOver-0/Enable","PREOUTPUTPROCESS_CHANNEL_XOVER_XOVER-0_ENABLE"
"/Device/Audio/Presets/Live/PreOutputProcess/Channels/Channel-{0}/XOver/XOver-0/Fc/Value","PREOUTPUTPROCESS_CHANNEL_XOVER_XOVER-0_FC_VALUE"
"/Device/Audio/Presets/Live/PreOutputProcess/Channels/Channel-{0}/XOver/XOver-0/Slope/Value","PREOUTPUTPROCESS_CHANNEL_XOVER_XOVER-0_SLOPE_VALUE"
"/Device/Audio/Presets/Live/PreOutputProcess/Channels/Channel-{0}/XOver/XOver-0/Type/Value","PREOUTPUTPROCESS_CHANNEL_XOVER_XOVER-0_TYPE_VALUE"
"/Device/Audio/Presets/Live/PreOutputProcess/Channels/Channel-{0}/IIR/IIR-1/Enable","PREOUTPUTPROCESS_CHANNEL_IIR_IIR-1_ENABLE"
"/Device/Audio/Presets/Live/PreOutputProcess/Channels/Channel-{0}/IIR/IIR-1/Fc/Value","PREOUTPUTPROCESS_CHANNEL_IIR_IIR-1_FC_VALUE"
"/Device/Audio/Presets/Live/PreOutputProcess/Channels/Channel-{0}/IIR/IIR-1/Gain/Value","PREOUTPUTPROCESS_CHANNEL_IIR_IIR-1_GAIN_VALUE"
"/Device/Audio/Presets/Live/PreOutputProcess/Channels/Channel-{0}/IIR/IIR-1/Q/Value","PREOUTPUTPROCESS_CHANNEL_IIR_IIR-1_Q_VALUE"
"/Device/Audio/Presets/Live/PreOutputProcess/Channels/Channel-{0}/IIR/IIR-1/Slope/Value","PREOUTPUTPROCESS_CHANNEL_IIR_IIR-1_SLOPE_VALUE"
"/Device/Audio/Presets/Live/PreOutputProcess/Channels/Channel-{0}/IIR/IIR-1/Type/Value","PREOUTPUTPROCESS_CHANNEL_IIR_IIR-1_TYPE_VALUE"
"/Device/Audio/Presets/Live/PreOutputProcess/Channels/Channel-{0}/XOver/XOver-1/Enable","PREOUTPUTPROCESS_CHANNEL_XOVER_XOVER-1_ENABLE"
"/Device/Audio/Presets/Live/PreOutputProcess/Channels/Channel-{0}/XOver/XOver-1/Fc/Value","PREOUTPUTPROCESS_CHANNEL_XOVER_XOVER-1_FC_VALUE"
"/Device/Audio/Presets/Live/PreOutputProcess/Channels/Channel-{0}/XOver/XOver-1/Slope/Value","PREOUTPUTPROCESS_CHANNEL_XOVER_XOVER-1_SLOPE_VALUE"
"/Device/Audio/Presets/Live/PreOutputProcess/Channels/Channel-{0}/XOver/XOver-1/Type/Value","PREOUTPUTPROCESS_CHANNEL_XOVER_XOVER-1_TYPE_VALUE"
"/Device/Audio/Presets/Live/PreOutputProcess/Channels/Channel-{0}/IIR/IIR-2/Enable","PREOUTPUTPROCESS_CHANNEL_IIR_IIR-2_ENABLE"
"/Device/Audio/Presets/Live/PreOutputProcess/Channels/Channel-{0}/IIR/IIR-2/Fc/Value","PREOUTPUTPROCESS_CHANNEL_IIR_IIR-2_FC_VALUE"
"/Device/Audio/Presets/Live/PreOutputProcess/Channels/Channel-{0}/IIR/IIR-2/Gain/Value","PREOUTPUTPROCESS_CHANNEL_IIR_IIR-2_GAIN_VALUE"
"/Device/Audio/Presets/Live/PreOutputProcess/Channels/Channel-{0}/IIR/IIR-2/Q/Value","PREOUTPUTPROCESS_CHANNEL_IIR_IIR-2_Q_VALUE"
"/Device/Audio/Presets/Live/PreOutputProcess/Channels/Channel-{0}/IIR/IIR-2/Slope/Value","PREOUTPUTPROCESS_CHANNEL_IIR_IIR-2_SLOPE_VALUE"
"/Device/Audio/Presets/Live/PreOutputProcess/Channels/Channel-{0}/IIR/IIR-2/Type/Value","PREOUTPUTPROCESS_CHANNEL_IIR_IIR-2_TYPE_VALUE"
"/Device/Audio/Presets/Live/PreOutputProcess/Channels/Channel-{0}/IIR/IIR-3/Enable","PREOUTPUTPROCESS_CHANNEL_IIR_IIR-3_ENABLE"
"/Device/Audio/Presets/Live/PreOutputProcess/Channels/Channel-{0}/IIR/IIR-3/Fc/Value","PREOUTPUTPROCESS_CHANNEL_IIR_IIR-3_FC_VALUE"
"/Device/Audio/Presets/Live/PreOutputProcess/Channels/Channel-{0}/IIR/IIR-3/Gain/Value","PREOUTPUTPROCESS_CHANNEL_IIR_IIR-3_GAIN_VALUE"
"/Device/Audio/Presets/Live/PreOutputProcess/Channels/Channel-{0}/IIR/IIR-3/Q/Value","PREOUTPUTPROCESS_CHANNEL_IIR_IIR-3_Q_VALUE"
"/Device/Audio/Presets/Live/PreOutputProcess/Channels/Channel-{0}/IIR/IIR-3/Slope/Value","PREOUTPUTPROCESS_CHANNEL_IIR_IIR-3_SLOPE_VALUE"
"/Device/Audio/Presets/Live/PreOutputProcess/Channels/Channel-{0}/IIR/IIR-3/Type/Value","PREOUTPUTPROCESS_CHANNEL_IIR_IIR-3_TYPE_VALUE"
"/Device/Audio/Presets/Live/PreOutputProcess/Channels/Channel-{0}/IIR/IIR-4/Enable","PREOUTPUTPROCESS_CHANNEL_IIR_IIR-4_ENABLE"
"/Device/Audio/Presets/Live/PreOutputProcess/Channels/Channel-{0}/IIR/IIR-4/Fc/Value","PREOUTPUTPROCESS_CHANNEL_IIR_IIR-4_FC_VALUE"
"/Device/Audio/Presets/Live/PreOutputProcess/Channels/Channel-{0}/IIR/IIR-4/Gain/Value","PREOUTPUTPROCESS_CHANNEL_IIR_IIR-4_GAIN_VALUE"
"/Device/Audio/Presets/Live/PreOutputProcess/Channels/Channel-{0}/IIR/IIR-4/Q/Value","PREOUTPUTPROCESS_CHANNEL_IIR_IIR-4_Q_VALUE"
"/Device/Audio/Presets/Live/PreOutputProcess/Channels/Channel-{0}/IIR/IIR-4/Slope/Value","PREOUTPUTPROCESS_CHANNEL_IIR_IIR-4_SLOPE_VALUE"
"/Device/Audio/Presets/Live/PreOutputProcess/Channels/Channel-{0}/IIR/IIR-4/Type/Value","PREOUTPUTPROCESS_CHANNEL_IIR_IIR-4_TYPE_VALUE"
"/Device/Audio/Presets/Live/PreOutputProcess/Channels/Channel-{0}/IIR/IIR-5/Enable","PREOUTPUTPROCESS_CHANNEL_IIR_IIR-5_ENABLE"
"/Device/Audio/Presets/Live/PreOutputProcess/Channels/Channel-{0}/IIR/IIR-5/Fc/Value","PREOUTPUTPROCESS_CHANNEL_IIR_IIR-5_FC_VALUE"
"/Device/Audio/Presets/Live/PreOutputProcess/Channels/Channel-{0}/IIR/IIR-5/Gain/Value","PREOUTPUTPROCESS_CHANNEL_IIR_IIR-5_GAIN_VALUE"
"/Device/Audio/Presets/Live/PreOutputProcess/Channels/Channel-{0}/IIR/IIR-5/Q/Value","PREOUTPUTPROCESS_CHANNEL_IIR_IIR-5_Q_VALUE"
"/Device/Audio/Presets/Live/PreOutputProcess/Channels/Channel-{0}/IIR/IIR-5/Slope/Value","PREOUTPUTPROCESS_CHANNEL_IIR_IIR-5_SLOPE_VALUE"
"/Device/Audio/Presets/Live/PreOutputProcess/Channels/Channel-{0}/IIR/IIR-5/Type/Value","PREOUTPUTPROCESS_CHANNEL_IIR_IIR-5_TYPE_VALUE"
"/Device/Audio/Presets/Live/PreOutputProcess/Channels/Channel-{0}/IIR/IIR-6/Enable","PREOUTPUTPROCESS_CHANNEL_IIR_IIR-6_ENABLE"
"/Device/Audio/Presets/Live/PreOutputProcess/Channels/Channel-{0}/IIR/IIR-6/Fc/Value","PREOUTPUTPROCESS_CHANNEL_IIR_IIR-6_FC_VALUE"
"/Device/Audio/Presets/Live/PreOutputProcess/Channels/Channel-{0}/IIR/IIR-6/Gain/Value","PREOUTPUTPROCESS_CHANNEL_IIR_IIR-6_GAIN_VALUE"
"/Device/Audio/Presets/Live/PreOutputProcess/Channels/Channel-{0}/IIR/IIR-6/Q/Value","PREOUTPUTPROCESS_CHANNEL_IIR_IIR-6_Q_VALUE"
"/Device/Audio/Presets/Live/PreOutputProcess/Channels/Channel-{0}/IIR/IIR-6/Slope/Value","PREOUTPUTPROCESS_CHANNEL_IIR_IIR-6_SLOPE_VALUE"
"/Device/Audio/Presets/Live/PreOutputProcess/Channels/Channel-{0}/IIR/IIR-6/Type/Value","PREOUTPUTPROCESS_CHANNEL_IIR_IIR-6_TYPE_VALUE"
"/Device/Audio/Presets/Live/PreOutputProcess/Channels/Channel-{0}/IIR/IIR-7/Enable","PREOUTPUTPROCESS_CHANNEL_IIR_IIR-7_ENABLE"
"/Device/Audio/Presets/Live/PreOutputProcess/Channels/Channel-{0}/IIR/IIR-7/Fc/Value","PREOUTPUTPROCESS_CHANNEL_IIR_IIR-7_FC_VALUE"
"/Device/Audio/Presets/Live/PreOutputProcess/Channels/Channel-{0}/IIR/IIR-7/Gain/Value","PREOUTPUTPROCESS_CHANNEL_IIR_IIR-7_GAIN_VALUE"
"/Device/Audio/Presets/Live/PreOutputProcess/Channels/Channel-{0}/IIR/IIR-7/Q/Value","PREOUTPUTPROCESS_CHANNEL_IIR_IIR-7_Q_VALUE"
"/Device/Audio/Presets/Live/PreOutputProcess/Channels/Channel-{0}/IIR/IIR-7/Slope/Value","PREOUTPUTPROCESS_CHANNEL_IIR_IIR-7_SLOPE_VALUE"
"/Device/Audio/Presets/Live/PreOutputProcess/Channels/Channel-{0}/IIR/IIR-7/Type/Value","PREOUTPUTPROCESS_CHANNEL_IIR_IIR-7_TYPE_VALUE"
"/Device/Audio/Presets/Live/ReadOnly/SnapshotSlotId/Current","READONLY_SNAPSHOTSLOTID_CURRENT"
"/Device/Audio/Presets/Live/ReadOnly/SnapshotSlotId/Modified","READONLY_SNAPSHOTSLOTID_MODIFIED"
"/Device/Audio/Presets/Live/SourceSelection/AnalogInput/Delay/Value","INPUT_SOURCE_ANALOGINPUT_DELAY_VALUE"
"/Device/Audio/Presets/Live/SourceSelection/AnalogInput/Gain/Value","INPUT_SOURCE_ANALOGINPUT_GAIN_VALUE"
"/Device/Audio/Presets/Live/SourceSelection/BackupStrategy/BackupStrategy-{0}/AuxInput/Value","INPUT_SOURCE_BACKUPSTRATEGY_BACKUPSTRATEGY-{0}_AUXINPUT_VALUE"
"/Device/Audio/Presets/Live/SourceSelection/BackupStrategy/BackupStrategy-{0}/CustomThresholdSignalDetect/Enable/Value","INPUT_SOURCE_BACKUPSTRATEGY_BACKUPSTRATEGY-{0}_CUSTOMTHRESHOLDSIGNALDETECT_ENABLE_VALUE"
"/Device/Audio/Presets/Live/SourceSelection/BackupStrategy/BackupStrategy-{0}/CustomThresholdSignalDetect/Src-{1}/Value","INPUT_SOURCE_BACKUPSTRATEGY_BACKUPSTRATEGY-{0}_CUSTOMTHRESHOLDSIGNALDETECT_VALUE"
"/Device/Audio/Presets/Live/SourceSelection/BackupStrategy/BackupStrategy-{0}/DefaultPriority/Value","INPUT_SOURCE_BACKUPSTRATEGY_BACKUPSTRATEGY-{0}_DEFAULTPRIORITY_VALUE"
"/Device/Audio/Presets/Live/SourceSelection/BackupStrategy/BackupStrategy-{0}/Enable/Value","INPUT_SOURCE_BACKUPSTRATEGY_BACKUPSTRATEGY-{0}_ENABLE_VALUE"
"/Device/Audio/Presets/Live/SourceSelection/BackupStrategy/BackupStrategy-{0}/Manual/Value","INPUT_SOURCE_BACKUPSTRATEGY_BACKUPSTRATEGY-{0}_MANUAL_VALUE"
"/Device/Audio/Presets/Live/SourceSelection/BackupStrategy/BackupStrategy-{0}/PilotTone/Enable/Value","INPUT_SOURCE_BACKUPSTRATEGY_BACKUPSTRATEGY-{0}_PILOTTONE_ENABLE_VALUE"
"/Device/Audio/Presets/Live/SourceSelection/BackupStrategy/BackupStrategy-{0}/PilotTone/Freq/Value","INPUT_SOURCE_BACKUPSTRATEGY_BACKUPSTRATEGY-{0}_PILOTTONE_FREQ_VALUE"
"/Device/Audio/Presets/Live/SourceSelection/BackupStrategy/BackupStrategy-{0}/PilotTone/GpioEnable/Value","INPUT_SOURCE_BACKUPSTRATEGY_BACKUPSTRATEGY-{0}_PILOTTONE_GPIOENABLE_VALUE"
"/Device/Audio/Presets/Live/SourceSelection/BackupStrategy/BackupStrategy-{0}/PilotTone/High/Value","INPUT_SOURCE_BACKUPSTRATEGY_BACKUPSTRATEGY-{0}_PILOTTONE_HIGH_VALUE"
"/Device/Audio/Presets/Live/SourceSelection/BackupStrategy/BackupStrategy-{0}/PilotTone/Low/Value","INPUT_SOURCE_BACKUPSTRATEGY_BACKUPSTRATEGY-{0}_PILOTTONE_LOW_VALUE"
"/Device/Audio/Presets/Live/SourceSelection/BackupStrategy/BackupStrategy-{0}/Priority-{1}/Value","INPUT_SOURCE_BACKUPSTRATEGY_BACKUPSTRATEGY-{0}_VALUE"
"/Device/Audio/Presets/Live/SourceSelection/Generals/DigitalOutRouting-0/Channel/Value","INPUT_SOURCE_DIGITALOUTROUTING-0_CHANNEL_VALUE"
"/Device/Audio/Presets/Live/SourceSelection/Generals/DigitalOutRouting-0/Gain/Value","INPUT_SOURCE_DIGITALOUTROUTING-0_GAIN_VALUE"
"/Device/Audio/Presets/Live/SourceSelection/Generals/DigitalOutRouting-0/Position/Value","INPUT_SOURCE_DIGITALOUTROUTING-0_POSITION_VALUE"
"/Device/Audio/Presets/Live/SourceSelection/Generals/DigitalOutRouting-1/Channel/Value","INPUT_SOURCE_DIGITALOUTROUTING-1_CHANNEL_VALUE"
"/Device/Audio/Presets/Live/SourceSelection/Generals/DigitalOutRouting-1/Gain/Value","INPUT_SOURCE_DIGITALOUTROUTING-1_GAIN_VALUE"
"/Device/Audio/Presets/Live/SourceSelection/Generals/DigitalOutRouting-1/Position/Value","INPUT_SOURCE_DIGITALOUTROUTING-1_POSITION_VALUE"
"/Device/Audio/Presets/Live/SourceSelection/Generals/DigitalOutRouting-2/Channel/Value","INPUT_SOURCE_DIGITALOUTROUTING-2_CHANNEL_VALUE"
"/Device/Audio/Presets/Live/SourceSelection/Generals/DigitalOutRouting-2/Gain/Value","INPUT_SOURCE_DIGITALOUTROUTING-2_GAIN_VALUE"
"/Device/Audio/Presets/Live/SourceSelection/Generals/DigitalOutRouting-2/Position/Value","INPUT_SOURCE_DIGITALOUTROUTING-2_POSITION_VALUE"
"/Device/Audio/Presets/Live/SourceSelection/Generals/DigitalOutRouting-3/Channel/Value","INPUT_SOURCE_DIGITALOUTROUTING-3_CHANNEL_VALUE"
"/Device/Audio/Presets/Live/SourceSelection/Generals/DigitalOutRouting-3/Gain/Value","INPUT_SOURCE_DIGITALOUTROUTING-3_GAIN_VALUE"
"/Device/Audio/Presets/Live/SourceSelection/Generals/DigitalOutRouting-3/Position/Value","INPUT_SOURCE_DIGITALOUTROUTING-3_POSITION_VALUE"
"/Device/Audio/Presets/Live/SourceSelection/Generals/DigitalOutRouting-4/Channel/Value","INPUT_SOURCE_DIGITALOUTROUTING-4_CHANNEL_VALUE"
"/Device/Audio/Presets/Live/SourceSelection/Generals/DigitalOutRouting-4/Gain/Value","INPUT_SOURCE_DIGITALOUTROUTING-4_GAIN_VALUE"
"/Device/Audio/Presets/Live/SourceSelection/Generals/DigitalOutRouting-4/Position/Value","INPUT_SOURCE_DIGITALOUTROUTING-4_POSITION_VALUE"
"/Device/Audio/Presets/Live/SourceSelection/Generals/DigitalOutRouting-5/Channel/Value","INPUT_SOURCE_DIGITALOUTROUTING-5_CHANNEL_VALUE"
"/Device/Audio/Presets/Live/SourceSelection/Generals/DigitalOutRouting-5/Gain/Value","INPUT_SOURCE_DIGITALOUTROUTING-5_GAIN_VALUE"
"/Device/Audio/Presets/Live/SourceSelection/Generals/DigitalOutRouting-5/Position/Value","INPUT_SOURCE_DIGITALOUTROUTING-5_POSITION_VALUE"
"/Device/Audio/Presets/Live/SourceSelection/Generals/DigitalOutRouting-6/Channel/Value","INPUT_SOURCE_DIGITALOUTROUTING-6_CHANNEL_VALUE"
"/Device/Audio/Presets/Live/SourceSelection/Generals/DigitalOutRouting-6/Gain/Value","INPUT_SOURCE_DIGITALOUTROUTING-6_GAIN_VALUE"
"/Device/Audio/Presets/Live/SourceSelection/Generals/DigitalOutRouting-6/Position/Value","INPUT_SOURCE_DIGITALOUTROUTING-6_POSITION_VALUE"
"/Device/Audio/Presets/Live/SourceSelection/Generals/DigitalOutRouting-7/Channel/Value","INPUT_SOURCE_DIGITALOUTROUTING-7_CHANNEL_VALUE"
"/Device/Audio/Presets/Live/SourceSelection/Generals/DigitalOutRouting-7/Gain/Value","INPUT_SOURCE_DIGITALOUTROUTING-7_GAIN_VALUE"
"/Device/Audio/Presets/Live/SourceSelection/Generals/DigitalOutRouting-7/Position/Value","INPUT_SOURCE_DIGITALOUTROUTING-7_POSITION_VALUE"
"/Device/Audio/Presets/Live/SourceSelection/NetStreamGroupGain0/Delay/Value","INPUT_SOURCE_NETSTREAMGROUPGAIN0_DELAY_VALUE"
"/Device/Audio/Presets/Live/SourceSelection/NetStreamGroupGain0/Gain/Value","INPUT_SOURCE_NETSTREAMGROUPGAIN0_GAIN_VALUE"
"/Device/Audio/Presets/Live/SourceSelection/NetStreamGroupGain1/Delay/Value","INPUT_SOURCE_NETSTREAMGROUPGAIN1_DELAY_VALUE"
"/Device/Audio/Presets/Live/SourceSelection/NetStreamGroupGain1/Gain/Value","INPUT_SOURCE_NETSTREAMGROUPGAIN1_GAIN_VALUE"
"/Device/Audio/Presets/Live/SpeakerLayout/Speaker-{0}/Application","SPEAKER_APPLICATION"
"/Device/Audio/Presets/Live/SpeakerLayout/Speaker-{0}/BrandName","SPEAKER_BRANDNAME"
"/Device/Audio/Presets/Live/SpeakerLayout/Speaker-{0}/Description","SPEAKER_DESCRIPTION"
"/Device/Audio/Presets/Live/SpeakerLayout/Speaker-{0}/FamilyName","SPEAKER_FAMILYNAME"
"/Device/Audio/Presets/Live/SpeakerLayout/Speaker-{0}/Note","SPEAKER_NOTE"
"/Device/Audio/Presets/Live/SpeakerLayout/Speaker-{0}/PresetType","SPEAKER_PRESET_TYPE"
"/Device/Audio/Presets/Live/SpeakerLayout/Speaker-{0}/Type","SPEAKER_TYPE"
"/Device/Audio/Presets/Live/SpeakerLayout/SpeakerName-{0}/Name","SPEAKER_NAME"
"/Device/Audio/Presets/Live/SpeakerLayout/SpeakerOemFields-{0}/Name","SPEAKER_NAME"
"/Device/Config/Networking/Wifi/Channel","NETWORK_WIFI_CHANNEL"
"/Device/Config/Networking/Wifi/Country","NETWORK_WIFI_COUNTRY"
"/Device/Config/Networking/Wifi/Mode","NETWORK_WIFI_MODE"
"/Device/Config/Networking/Wifi/Security/Passphrase","NETWORK_WIFI_SECURITY_SECURITY_PASSPHRASE"
"/Device/Config/Networking/Wifi/Security/Type","NETWORK_WIFI_SECURITY_TYPE"
"/Device/Config/Networking/Wifi/Ssid","NETWORK_WIFI_SSID"
